0.01031733,/_samplerate,60.000000
0.01060486,/CubeX,0.406739
0.0106082,/CubeY,-0.782865
0.02645111,/_samplerate,60.000000
0.02646017,/CubeX,0.500002
0.02646399,/CubeY,-0.826331
0.04343987,/_samplerate,60.000000
0.04345417,/CubeX,0.587787
0.04345512,/CubeY,-0.865358
0.06002283,/_samplerate,60.000000
0.06003189,/CubeX,0.669132
0.06003428,/CubeY,-0.899738
0.07631588,/_samplerate,60.000000
0.07632875,/CubeX,0.743146
0.07633305,/CubeY,-0.929285
0.09309816,/_samplerate,60.000000
0.09310675,/CubeX,0.809018
0.09311295,/CubeY,-0.953841
0.1096001,/_samplerate,60.000000
0.1096101,/CubeX,0.866027
0.109612,/CubeY,-0.973274
0.1263041,/_samplerate,60.000000
0.1263142,/CubeX,0.913546
0.1263161,/CubeY,-0.987479
0.1428061,/_samplerate,60.000000
0.1428161,/CubeX,0.951057
0.142818,/CubeY,-0.996380
0.1592689,/_samplerate,60.000000
0.1592789,/CubeX,0.978148
0.1592832,/CubeY,-0.999930
0.175787,/_samplerate,60.000000
0.175796,/CubeX,0.994522
0.1757979,/CubeY,-0.998110
0.1926513,/_samplerate,60.000000
0.1926608,/CubeX,1.000000
0.1926651,/CubeY,-0.990928
0.2091789,/_samplerate,60.000000
0.2091889,/CubeX,0.994522
0.2091908,/CubeY,-0.978424
0.2257981,/_samplerate,60.000000
0.2258081,/CubeX,0.978147
0.2258101,/CubeY,-0.960665
0.2421088,/_samplerate,60.000000
0.2421193,/CubeX,0.951056
0.2421241,/CubeY,-0.937746
0.258317,/_samplerate,60.000000
0.2583261,/CubeX,0.913545
0.258328,/CubeY,-0.909790
0.2747202,/_samplerate,60.000000
0.2747293,/CubeX,0.866024
0.2747312,/CubeY,-0.876948
0.292078,/_samplerate,60.000000
0.2920899,/CubeX,0.809016
0.2920918,/CubeY,-0.839396
0.3085432,/_samplerate,60.000000
0.3085532,/CubeX,0.743143
0.308558,/CubeY,-0.797335
0.325109,/_samplerate,60.000000
0.3251219,/CubeX,0.669129
0.3251243,/CubeY,-0.750992
0.3416162,/_samplerate,60.000000
0.3416262,/CubeX,0.587784
0.3416281,/CubeY,-0.700615
0.358366,/_samplerate,60.000000
0.3583751,/CubeX,0.499998
0.3583817,/CubeY,-0.646475
0.3749108,/_samplerate,60.000000
0.3749213,/CubeX,0.406735
0.3749232,/CubeY,-0.588863
0.3914733,/_samplerate,60.000000
0.3914847,/CubeX,0.309015
0.3914871,/CubeY,-0.528088
0.4069262,/_samplerate,60.000000
0.4069409,/CubeX,0.207910
0.4069438,/CubeY,-0.464477
0.4244628,/_samplerate,60.000000
0.4244733,/CubeX,0.104526
0.4244752,/CubeY,-0.398371
0.4409652,/_samplerate,60.000000
0.4409738,/CubeX,-0.000002
0.4409781,/CubeY,-0.330125
0.4575353,/_samplerate,60.000000
0.4575448,/CubeX,-0.104531
0.4575458,/CubeY,-0.260107
0.4733,/_samplerate,60.000000
0.47331,/CubeX,-0.207914
0.4733138,/CubeY,-0.188691
0.489933,/_samplerate,60.000000
0.489943,/CubeX,-0.309019
0.4899468,/CubeY,-0.116261
0.5063338,/_samplerate,60.000000
0.5063443,/CubeX,-0.406739
0.5063462,/CubeY,-0.043208
0.5237298,/_samplerate,60.000000
0.5237403,/CubeX,-0.500002
0.5237422,/CubeY,0.030078
0.5399451,/_samplerate,60.000000
0.539957,/CubeX,-0.587787
0.539959,/CubeY,0.103203
0.557066,/_samplerate,60.000000
0.5570779,/CubeX,-0.669132
0.5570822,/CubeY,0.175773
0.5727129,/_samplerate,60.000000
0.5727229,/CubeX,-0.743146
0.5727272,/CubeY,0.247398
0.5897288,/_samplerate,60.000000
0.5897379,/CubeX,-0.809018
0.5897403,/CubeY,0.317696
0.605864,/_samplerate,60.000000
0.605875,/CubeX,-0.866027
0.6058769,/CubeY,0.386286
0.6225343,/_samplerate,60.000000
0.6225429,/CubeX,-0.913546
0.6225448,/CubeY,0.452802
0.6388459,/_samplerate,60.000000
0.638855,/CubeX,-0.951057
0.6388602,/CubeY,0.516886
0.6555209,/_samplerate,60.000000
0.6555333,/CubeX,-0.978148
0.655539,/CubeY,0.578194
0.6719751,/_samplerate,60.000000
0.6719851,/CubeX,-0.994522
0.6719871,/CubeY,0.636396
0.6896529,/_samplerate,60.000000
0.6896639,/CubeX,-1.000000
0.6896663,/CubeY,0.691180
0.7053313,/_samplerate,60.000000
0.7053409,/CubeX,-0.994522
0.7053428,/CubeY,0.742252
0.721838,/_samplerate,60.000000
0.7218471,/CubeX,-0.978147
0.721849,/CubeY,0.789337
0.7383242,/_samplerate,60.000000
0.7383342,/CubeX,-0.951056
0.7383389,/CubeY,0.832183
0.7548509,/_samplerate,60.000000
0.7548609,/CubeX,-0.913545
0.7548623,/CubeY,0.870559
0.7720981,/_samplerate,60.000000
0.7721081,/CubeX,-0.866024
0.77211,/CubeY,0.904259
0.78793,/_samplerate,60.000000
0.7879419,/CubeX,-0.809016
0.7879443,/CubeY,0.933102
0.804759,/_samplerate,60.000000
0.804769,/CubeX,-0.743143
0.8047709,/CubeY,0.956933
0.8218722,/_samplerate,60.000000
0.8218818,/CubeX,-0.669129
0.8218832,/CubeY,0.975625
0.8379459,/_samplerate,60.000000
0.837956,/CubeX,-0.587784
0.8379612,/CubeY,0.989077
0.8542533,/_samplerate,60.000000
0.8542619,/CubeX,-0.499998
0.8542638,/CubeY,0.997216
0.8712869,/_samplerate,60.000000
0.8712983,/CubeX,-0.406735
0.8713021,/CubeY,0.999999
0.8883491,/_samplerate,60.000000
0.888361,/CubeX,-0.309015
0.8883629,/CubeY,0.997411
0.9040861,/_samplerate,60.000000
0.9040961,/CubeX,-0.207910
0.904098,/CubeY,0.989466
0.9212251,/_samplerate,60.000000
0.9212351,/CubeX,-0.104526
0.921237,/CubeY,0.976207
0.9374318,/_samplerate,60.000000
0.9374423,/CubeX,0.000002
0.9374471,/CubeY,0.957704
0.9541912,/_samplerate,60.000000
0.9542012,/CubeX,0.104531
0.9542031,/CubeY,0.934057
0.9707069,/_samplerate,60.000000
0.9707179,/CubeX,0.207914
0.9707198,/CubeY,0.905394
0.9874253,/_samplerate,60.000000
0.9874349,/CubeX,0.309019
0.9874401,/CubeY,0.871868
1.003974,/_samplerate,60.000000
1.003984,/CubeX,0.406739
1.003986,/CubeY,0.833658
1.020362,/_samplerate,60.000000
1.020372,/CubeX,0.500002
1.020374,/CubeY,0.790971
1.036552,/_samplerate,60.000000
1.036561,/CubeX,0.587787
1.036567,/CubeY,0.744036
1.053876,/_samplerate,60.000000
1.053885,/CubeX,0.669132
1.053887,/CubeY,0.693105
1.069726,/_samplerate,60.000000
1.069738,/CubeX,0.743146
1.069741,/CubeY,0.638451
1.08629,/_samplerate,60.000000
1.0863,/CubeX,0.809018
1.086301,/CubeY,0.580367
1.102871,/_samplerate,60.000000
1.10288,/CubeX,0.866027
1.102882,/CubeY,0.519167
1.119912,/_samplerate,60.000000
1.119924,/CubeX,0.913546
1.119925,/CubeY,0.455178
1.136056,/_samplerate,60.000000
1.136065,/CubeX,0.951057
1.13607,/CubeY,0.388744
1.153251,/_samplerate,60.000000
1.153262,/CubeX,0.978148
1.153264,/CubeY,0.320223
1.169576,/_samplerate,60.000000
1.169586,/CubeX,0.994522
1.169587,/CubeY,0.249981
1.185838,/_samplerate,60.000000
1.185847,/CubeX,1.000000
1.185849,/CubeY,0.178397
1.202552,/_samplerate,60.000000
1.202561,/CubeX,0.994522
1.202562,/CubeY,0.105854
1.21982,/_samplerate,60.000000
1.219832,/CubeX,0.978147
1.219834,/CubeY,0.032743
1.235803,/_samplerate,60.000000
1.235815,/CubeX,0.951056
1.23582,/CubeY,-0.040544
1.25202,/_samplerate,60.000000
1.252028,/CubeX,0.913545
1.25203,/CubeY,-0.113613
1.269227,/_samplerate,60.000000
1.269236,/CubeX,0.866024
1.269238,/CubeY,-0.186072
1.284934,/_samplerate,60.000000
1.284943,/CubeX,0.809016
1.284947,/CubeY,-0.257531
1.301571,/_samplerate,60.000000
1.301581,/CubeX,0.743143
1.301583,/CubeY,-0.327607
1.319059,/_samplerate,60.000000
1.319068,/CubeX,0.669129
1.319071,/CubeY,-0.395924
1.335643,/_samplerate,60.000000
1.335652,/CubeX,0.587784
1.335657,/CubeY,-0.462114
1.352191,/_samplerate,60.000000
1.352199,/CubeX,0.499998
1.352201,/CubeY,-0.525822
1.368753,/_samplerate,60.000000
1.368762,/CubeX,0.406735
1.368764,/CubeY,-0.586706
1.38532,/_samplerate,60.000000
1.385328,/CubeX,0.309015
1.38533,/CubeY,-0.644439
1.401921,/_samplerate,60.000000
1.401929,/CubeX,0.207910
1.401931,/CubeY,-0.698710
1.418464,/_samplerate,60.000000
1.418473,/CubeX,0.104526
1.41848,/CubeY,-0.749229
1.434441,/_samplerate,60.000000
1.43445,/CubeX,-0.000002
1.434452,/CubeY,-0.795723
1.451591,/_samplerate,60.000000
1.451601,/CubeX,-0.104531
1.451602,/CubeY,-0.837944
1.467616,/_samplerate,60.000000
1.467625,/CubeX,-0.207914
1.467626,/CubeY,-0.875664
1.483827,/_samplerate,60.000000
1.483836,/CubeX,-0.309019
1.483838,/CubeY,-0.908680
1.501296,/_samplerate,60.000000
1.501305,/CubeX,-0.406739
1.501308,/CubeY,-0.936817
1.517839,/_samplerate,60.000000
1.517847,/CubeX,-0.500002
1.517849,/CubeY,-0.959921
1.533762,/_samplerate,60.000000
1.53377,/CubeX,-0.587787
1.533772,/CubeY,-0.977870
1.550989,/_samplerate,60.000000
1.550997,/CubeX,-0.669132
1.550999,/CubeY,-0.990566
1.56729,/_samplerate,60.000000
1.567298,/CubeX,-0.743146
1.567301,/CubeY,-0.997942
1.584122,/_samplerate,60.000000
1.58413,/CubeX,-0.809018
1.584132,/CubeY,-0.999958
1.600697,/_samplerate,60.000000
1.600707,/CubeX,-0.866027
1.600711,/CubeY,-0.996604
1.617279,/_samplerate,60.000000
1.617295,/CubeX,-0.913546
1.617297,/CubeY,-0.987896
1.633836,/_samplerate,60.000000
1.633844,/CubeX,-0.951057
1.633845,/CubeY,-0.973883
1.649866,/_samplerate,60.000000
1.649874,/CubeX,-0.978148
1.649876,/CubeY,-0.954638
1.666487,/_samplerate,60.000000
1.666498,/CubeX,-0.994522
1.666502,/CubeY,-0.930266
1.682795,/_samplerate,60.000000
1.682804,/CubeX,-1.000000
1.682806,/CubeY,-0.900898
1.699284,/_samplerate,60.000000
1.699297,/CubeX,-0.994522
1.699304,/CubeY,-0.866691
1.715968,/_samplerate,60.000000
1.71598,/CubeX,-0.978147
1.715982,/CubeY,-0.827829
1.732969,/_samplerate,60.000000
1.732978,/CubeX,-0.951056
1.732979,/CubeY,-0.784521
1.748795,/_samplerate,60.000000
1.748804,/CubeX,-0.913545
1.748806,/CubeY,-0.736999
1.766056,/_samplerate,60.000000
1.766064,/CubeX,-0.866024
1.766066,/CubeY,-0.685518
1.782131,/_samplerate,60.000000
1.78214,/CubeX,-0.809016
1.782144,/CubeY,-0.630356
1.798788,/_samplerate,60.000000
1.798796,/CubeX,-0.743143
1.798798,/CubeY,-0.571808
1.815464,/_samplerate,60.000000
1.815473,/CubeX,-0.669129
1.815475,/CubeY,-0.510189
1.832218,/_samplerate,60.000000
1.832227,/CubeX,-0.587784
1.832228,/CubeY,-0.445829
1.849158,/_samplerate,60.000000
1.849168,/CubeX,-0.499998
1.849171,/CubeY,-0.379075
1.864957,/_samplerate,60.000000
1.864965,/CubeX,-0.406735
1.864968,/CubeY,-0.310285
1.882109,/_samplerate,60.000000
1.882119,/CubeX,-0.309015
1.88212,/CubeY,-0.239828
1.898829,/_samplerate,60.000000
1.898838,/CubeX,-0.207910
1.898839,/CubeY,-0.168083
1.91461,/_samplerate,60.000000
1.914619,/CubeX,-0.104526
1.914623,/CubeY,-0.095436
1.93172,/_samplerate,60.000000
1.931729,/CubeX,0.000002
1.931734,/CubeY,-0.022275
1.94834,/_samplerate,60.000000
1.948349,/CubeX,0.104531
1.94835,/CubeY,0.051004
1.965159,/_samplerate,60.000000
1.965167,/CubeX,0.207914
1.965169,/CubeY,0.124010
1.981122,/_samplerate,60.000000
1.98113,/CubeX,0.309019
1.981132,/CubeY,0.196350
1.998192,/_samplerate,60.000000
1.9982,/CubeX,0.406739
1.998202,/CubeY,0.267635
2.01486,/_samplerate,60.000000
2.014871,/CubeX,0.500002
2.014874,/CubeY,0.337483
2.031108,/_samplerate,60.000000
2.031116,/CubeX,0.587787
2.03112,/CubeY,0.405518
2.047578,/_samplerate,60.000000
2.047585,/CubeX,0.669132
2.047587,/CubeY,0.471375
2.06434,/_samplerate,60.000000
2.064349,/CubeX,0.743146
2.06435,/CubeY,0.534701
2.080845,/_samplerate,60.000000
2.080853,/CubeX,0.809018
2.080854,/CubeY,0.595154
2.097345,/_samplerate,60.000000
2.097353,/CubeX,0.866027
2.097355,/CubeY,0.652411
2.114268,/_samplerate,60.000000
2.114276,/CubeX,0.913546
2.114277,/CubeY,0.706163
2.130828,/_samplerate,60.000000
2.130836,/CubeX,0.951057
2.13084,/CubeY,0.756123
2.147348,/_samplerate,60.000000
2.147356,/CubeX,0.978148
2.147358,/CubeY,0.802022
2.163155,/_samplerate,60.000000
2.163164,/CubeX,0.994522
2.163166,/CubeY,0.843613
2.180396,/_samplerate,60.000000
2.180405,/CubeX,1.000000
2.180408,/CubeY,0.880673
2.196316,/_samplerate,60.000000
2.196325,/CubeX,0.994522
2.196327,/CubeY,0.913002
2.213109,/_samplerate,60.000000
2.213117,/CubeX,0.978147
2.213119,/CubeY,0.940428
2.230124,/_samplerate,60.000000
2.230132,/CubeX,0.951056
2.230135,/CubeY,0.962803
2.246313,/_samplerate,60.000000
2.246322,/CubeX,0.913545
2.246324,/CubeY,0.980007
2.26296,/_samplerate,60.000000
2.262968,/CubeX,0.866024
2.26297,/CubeY,0.991947
2.279834,/_samplerate,60.000000
2.279842,/CubeX,0.809016
2.279843,/CubeY,0.998559
2.296408,/_samplerate,60.000000
2.296416,/CubeX,0.743143
2.296418,/CubeY,0.999808
2.312477,/_samplerate,60.000000
2.312488,/CubeX,0.669129
2.31249,/CubeY,0.995687
2.328794,/_samplerate,60.000000
2.328802,/CubeX,0.587784
2.328806,/CubeY,0.986218
2.34542,/_samplerate,60.000000
2.345428,/CubeX,0.499998
2.34543,/CubeY,0.971452
2.362259,/_samplerate,60.000000
2.362268,/CubeX,0.406735
2.36227,/CubeY,0.951468
2.379322,/_samplerate,60.000000
2.37933,/CubeX,0.309015
2.379333,/CubeY,0.926374
2.395462,/_samplerate,60.000000
2.39547,/CubeX,0.207910
2.395473,/CubeY,0.896304
2.42848,/_samplerate,60.000000
2.428488,/CubeX,0.104526
2.428491,/CubeY,0.861420
2.428492,/_samplerate,60.000000
2.428493,/CubeX,-0.000002
2.428496,/CubeY,0.821909
2.462105,/_samplerate,60.000000
2.462113,/CubeX,-0.104531
2.462115,/CubeY,0.777984
2.462116,/_samplerate,60.000000
2.462118,/CubeX,-0.207914
2.462119,/CubeY,0.729881
2.495208,/_samplerate,60.000000
2.495216,/CubeX,-0.309019
2.495218,/CubeY,0.677857
2.49522,/_samplerate,60.000000
2.495221,/CubeX,-0.406739
2.495224,/CubeY,0.622192
2.511767,/_samplerate,60.000000
2.511776,/CubeX,-0.500002
2.511778,/CubeY,0.563186
2.528491,/_samplerate,60.000000
2.5285,/CubeX,-0.587787
2.528504,/CubeY,0.501154
2.561119,/_samplerate,60.000000
2.561128,/CubeX,-0.669132
2.56113,/CubeY,0.436431
2.577845,/_samplerate,60.000000
2.577855,/CubeX,-0.743146
2.577857,/CubeY,0.369364
2.593825,/_samplerate,60.000000
2.593835,/CubeX,-0.809018
2.593839,/CubeY,0.300313
2.61027,/_samplerate,60.000000
2.610279,/CubeX,-0.866027
2.610282,/CubeY,0.229649
2.627605,/_samplerate,60.000000
2.627614,/CubeX,-0.913546
2.627616,/CubeY,0.157751
2.644176,/_samplerate,60.000000
2.644187,/CubeX,-0.951057
2.644193,/CubeY,0.085006
2.66075,/_samplerate,60.000000
2.66076,/CubeX,-0.978148
2.660762,/CubeY,0.011805
2.677536,/_samplerate,60.000000
2.677546,/CubeX,-0.994522
2.677548,/CubeY,-0.061460
2.693584,/_samplerate,60.000000
2.693599,/CubeX,-1.000000
2.693601,/CubeY,-0.134395
2.709713,/_samplerate,60.000000
2.709724,/CubeX,-0.994522
2.709726,/CubeY,-0.206607
2.726287,/_samplerate,60.000000
2.726297,/CubeX,-0.978147
2.726298,/CubeY,-0.277711
2.743805,/_samplerate,60.000000
2.743815,/CubeX,-0.951056
2.743817,/CubeY,-0.347322
2.760246,/_samplerate,60.000000
2.760256,/CubeX,-0.913545
2.760258,/CubeY,-0.415068
2.776317,/_samplerate,60.000000
2.776327,/CubeX,-0.866024
2.776329,/CubeY,-0.480585
2.793252,/_samplerate,60.000000
2.793261,/CubeX,-0.809016
2.793264,/CubeY,-0.543520
2.810197,/_samplerate,60.000000
2.810207,/CubeX,-0.743143
2.810211,/CubeY,-0.603537
2.825912,/_samplerate,60.000000
2.825922,/CubeX,-0.669129
2.825923,/CubeY,-0.660311
2.843301,/_samplerate,60.000000
2.843311,/CubeX,-0.587784
2.843313,/CubeY,-0.713539
2.859337,/_samplerate,60.000000
2.859347,/CubeX,-0.499998
2.859349,/CubeY,-0.762935
2.876255,/_samplerate,60.000000
2.876264,/CubeX,-0.406735
2.876266,/CubeY,-0.808233
2.892777,/_samplerate,60.000000
2.892786,/CubeX,-0.309015
2.892788,/CubeY,-0.849189
2.908585,/_samplerate,60.000000
2.908597,/CubeX,-0.207910
2.908602,/CubeY,-0.885585
2.925514,/_samplerate,60.000000
2.925524,/CubeX,-0.104526
2.925528,/CubeY,-0.917224
2.942697,/_samplerate,60.000000
2.942709,/CubeX,0.000002
2.942711,/CubeY,-0.943937
2.959109,/_samplerate,60.000000
2.959119,/CubeX,0.104531
2.959121,/CubeY,-0.965580
2.974954,/_samplerate,60.000000
2.974964,/CubeX,0.207914
2.974966,/CubeY,-0.982037
2.992454,/_samplerate,60.000000
2.992463,/CubeX,0.309019
2.992465,/CubeY,-0.993219
3.00901,/_samplerate,60.000000
3.009022,/CubeX,0.406739
3.009024,/CubeY,-0.999066
3.025561,/_samplerate,60.000000
3.02557,/CubeX,0.500002
3.025572,/CubeY,-0.999548
3.041258,/_samplerate,60.000000
3.041268,/CubeX,0.587787
3.04127,/CubeY,-0.994660
3.058115,/_samplerate,60.000000
3.058124,/CubeX,0.669132
3.058128,/CubeY,-0.984431
3.074474,/_samplerate,60.000000
3.074483,/CubeX,0.743146
3.074485,/CubeY,-0.968914
3.09115,/_samplerate,60.000000
3.09116,/CubeX,0.809018
3.091164,/CubeY,-0.948193
3.108426,/_samplerate,60.000000
3.108436,/CubeX,0.866027
3.10844,/CubeY,-0.922379
3.124967,/_samplerate,60.000000
3.124977,/CubeX,0.913546
3.124979,/CubeY,-0.891611
3.140608,/_samplerate,60.000000
3.140618,/CubeX,0.951057
3.14062,/CubeY,-0.856054
3.157136,/_samplerate,60.000000
3.157146,/CubeX,0.978148
3.157162,/CubeY,-0.815899
3.17364,/_samplerate,60.000000
3.173651,/CubeX,0.994522
3.173655,/CubeY,-0.771363
3.19123,/_samplerate,60.000000
3.191239,/CubeX,1.000000
3.191243,/CubeY,-0.722683
3.207086,/_samplerate,60.000000
3.207095,/CubeX,0.994522
3.207098,/CubeY,-0.670121
3.224301,/_samplerate,60.000000
3.22431,/CubeX,0.978147
3.224312,/CubeY,-0.613960
3.240513,/_samplerate,60.000000
3.240522,/CubeX,0.951056
3.240526,/CubeY,-0.554502
3.256834,/_samplerate,60.000000
3.256842,/CubeX,0.913545
3.256848,/CubeY,-0.492065
3.273966,/_samplerate,60.000000
3.273976,/CubeX,0.866024
3.273978,/CubeY,-0.426985
3.290545,/_samplerate,60.000000
3.290554,/CubeX,0.809016
3.290556,/CubeY,-0.359612
3.306578,/_samplerate,60.000000
3.306587,/CubeX,0.743143
3.306589,/CubeY,-0.290308
3.323649,/_samplerate,60.000000
3.323658,/CubeX,0.669129
3.323659,/CubeY,-0.219444
3.339267,/_samplerate,60.000000
3.339278,/CubeX,0.587784
3.33928,/CubeY,-0.147402
3.356187,/_samplerate,60.000000
3.356197,/CubeX,0.499998
3.356202,/CubeY,-0.074568
3.372676,/_samplerate,60.000000
3.372686,/CubeX,0.406735
3.372687,/CubeY,-0.001333
3.388918,/_samplerate,60.000000
3.388927,/CubeX,0.309015
3.388929,/CubeY,0.071908
3.406087,/_samplerate,60.000000
3.406098,/CubeX,0.207910
3.4061,/CubeY,0.144764
3.422076,/_samplerate,60.000000
3.422086,/CubeX,0.104526
3.422088,/CubeY,0.216842
3.439628,/_samplerate,60.000000
3.439637,/CubeX,-0.000002
3.439639,/CubeY,0.287755
3.45598,/_samplerate,60.000000
3.455989,/CubeX,-0.104531
3.455994,/CubeY,0.357123
3.472563,/_samplerate,60.000000
3.472573,/CubeX,-0.207914
3.472575,/CubeY,0.424572
3.488561,/_samplerate,60.000000
3.488572,/CubeX,-0.309019
3.488576,/CubeY,0.489742
3.505189,/_samplerate,60.000000
3.505201,/CubeX,-0.406739
3.505203,/CubeY,0.552281
3.521853,/_samplerate,60.000000
3.521864,/CubeX,-0.500002
3.521866,/CubeY,0.611853
3.538064,/_samplerate,60.000000
3.538074,/CubeX,-0.587787
3.538076,/CubeY,0.668139
3.555083,/_samplerate,60.000000
3.555094,/CubeX,-0.669132
3.555099,/CubeY,0.720837
3.571158,/_samplerate,60.000000
3.571168,/CubeX,-0.743146
3.57117,/CubeY,0.769663
3.587789,/_samplerate,60.000000
3.587801,/CubeX,-0.809018
3.587802,/CubeY,0.814355
3.604916,/_samplerate,60.000000
3.604927,/CubeX,-0.866027
3.604931,/CubeY,0.854673
3.620854,/_samplerate,60.000000
3.620863,/CubeX,-0.913546
3.620868,/CubeY,0.890400
3.637486,/_samplerate,60.000000
3.637498,/CubeX,-0.951057
3.6375,/CubeY,0.921346
3.65407,/_samplerate,60.000000
3.654081,/CubeX,-0.978148
3.654087,/CubeY,0.947342
3.670856,/_samplerate,60.000000
3.670868,/CubeX,-0.994522
3.670871,/CubeY,0.968251
3.6873,/_samplerate,60.000000
3.68731,/CubeX,-1.000000
3.687312,/CubeY,0.983959
3.704137,/_samplerate,60.000000
3.704147,/CubeX,-0.994522
3.704151,/CubeY,0.994382
3.720773,/_samplerate,60.000000
3.720783,/CubeX,-0.978147
3.720788,/CubeY,0.999464
3.737384,/_samplerate,60.000000
3.737394,/CubeX,-0.951056
3.737399,/CubeY,0.999178
3.753372,/_samplerate,60.000000
3.753382,/CubeX,-0.913545
3.753387,/CubeY,0.993525
3.770065,/_samplerate,60.000000
3.770077,/CubeX,-0.866024
3.770078,/CubeY,0.982536
3.787432,/_samplerate,60.000000
3.787442,/CubeX,-0.809016
3.787444,/CubeY,0.966270
3.803388,/_samplerate,60.000000
3.803398,/CubeX,-0.743143
3.803404,/CubeY,0.944814
3.820035,/_samplerate,60.000000
3.820045,/CubeX,-0.669129
3.820047,/CubeY,0.918283
3.836677,/_samplerate,60.000000
3.836689,/CubeX,-0.587784
3.836691,/CubeY,0.886821
3.853365,/_samplerate,60.000000
3.853379,/CubeX,-0.499998
3.853384,/CubeY,0.850595
3.869396,/_samplerate,60.000000
3.869405,/CubeX,-0.406735
3.869407,/CubeY,0.809800
3.886771,/_samplerate,60.000000
3.886782,/CubeX,-0.309015
3.886785,/CubeY,0.764656
3.903069,/_samplerate,60.000000
3.903078,/CubeX,-0.207910
3.903082,/CubeY,0.715405
3.919391,/_samplerate,60.000000
3.919401,/CubeX,-0.104526
3.919403,/CubeY,0.662312
3.93607,/_samplerate,60.000000
3.936079,/CubeX,0.000002
3.936081,/CubeY,0.605661
3.952211,/_samplerate,60.000000
3.95222,/CubeX,0.104531
3.952225,/CubeY,0.545757
3.969398,/_samplerate,60.000000
3.969406,/CubeX,0.207914
3.969408,/CubeY,0.482922
3.986411,/_samplerate,60.000000
3.986421,/CubeX,0.309019
3.986423,/CubeY,0.417493
4.001994,/_samplerate,60.000000
4.002004,/CubeX,0.406739
4.002006,/CubeY,0.349822
4.018875,/_samplerate,60.000000
4.018883,/CubeX,0.500002
4.018885,/CubeY,0.280271
4.03601,/_samplerate,60.000000
4.036019,/CubeX,0.587787
4.03602,/CubeY,0.209216
4.052333,/_samplerate,60.000000
4.052341,/CubeX,0.669132
4.052343,/CubeY,0.137037
4.068877,/_samplerate,60.000000
4.068886,/CubeX,0.743146
4.068888,/CubeY,0.064121
4.084667,/_samplerate,60.000000
4.084678,/CubeX,0.809018
4.084679,/CubeY,-0.009138
4.102252,/_samplerate,60.000000
4.102262,/CubeX,0.866027
4.102263,/CubeY,-0.082349
4.118827,/_samplerate,60.000000
4.118836,/CubeX,0.913546
4.118838,/CubeY,-0.155117
4.134444,/_samplerate,60.000000
4.134452,/CubeX,0.951057
4.134454,/CubeY,-0.227053
4.15194,/_samplerate,60.000000
4.151948,/CubeX,0.978148
4.15195,/CubeY,-0.297768
4.16772,/_samplerate,60.000000
4.16773,/CubeX,0.994522
4.167732,/CubeY,-0.366884
4.184958,/_samplerate,60.000000
4.184967,/CubeX,1.000000
4.184968,/CubeY,-0.434030
4.20098,/_samplerate,60.000000
4.200989,/CubeX,0.994522
4.200991,/CubeY,-0.498845
4.217689,/_samplerate,60.000000
4.217697,/CubeX,0.978147
4.217699,/CubeY,-0.560980
4.234788,/_samplerate,60.000000
4.234797,/CubeX,0.951056
4.234801,/CubeY,-0.620102
4.2509,/_samplerate,60.000000
4.25091,/CubeX,0.913545
4.250912,/CubeY,-0.675894
4.267914,/_samplerate,60.000000
4.267923,/CubeX,0.866024
4.267925,/CubeY,-0.728055
4.28357,/_samplerate,60.000000
4.283579,/CubeX,0.809016
4.283581,/CubeY,-0.776306
4.300893,/_samplerate,60.000000
4.300901,/CubeX,0.743143
4.300904,/CubeY,-0.820388
4.316709,/_samplerate,60.000000
4.316718,/CubeX,0.669129
4.31672,/CubeY,-0.860063
4.33418,/_samplerate,60.000000
4.334188,/CubeX,0.587784
4.33419,/CubeY,-0.895118
4.349936,/_samplerate,60.000000
4.349946,/CubeX,0.499998
4.349948,/CubeY,-0.925366
4.366582,/_samplerate,60.000000
4.366593,/CubeX,0.406735
4.366594,/CubeY,-0.950644
4.383594,/_samplerate,60.000000
4.383603,/CubeX,0.309015
4.383605,/CubeY,-0.970815
4.39975,/_samplerate,60.000000
4.399758,/CubeX,0.207910
4.39976,/CubeY,-0.985773
4.416111,/_samplerate,60.000000
4.416121,/CubeX,0.104526
4.416126,/CubeY,-0.995436
4.43346,/_samplerate,60.000000
4.433469,/CubeX,-0.000002
4.433471,/CubeY,-0.999752
4.449267,/_samplerate,60.000000
4.449276,/CubeX,-0.104531
4.449278,/CubeY,-0.998698
4.466244,/_samplerate,60.000000
4.466253,/CubeX,-0.207914
4.466255,/CubeY,-0.992281
4.482933,/_samplerate,60.000000
4.482944,/CubeX,-0.309019
4.482948,/CubeY,-0.980534
4.499499,/_samplerate,60.000000
4.499507,/CubeX,-0.406739
4.499511,/CubeY,-0.963520
4.515425,/_samplerate,60.000000
4.515436,/CubeX,-0.500002
4.515438,/CubeY,-0.941332
4.532743,/_samplerate,60.000000
4.532753,/CubeX,-0.587787
4.532754,/CubeY,-0.914087
4.548803,/_samplerate,60.000000
4.548812,/CubeX,-0.669132
4.548815,/CubeY,-0.881933
4.56544,/_samplerate,60.000000
4.565448,/CubeX,-0.743146
4.565452,/CubeY,-0.845042
4.58208,/_samplerate,60.000000
4.582089,/CubeX,-0.809018
4.58209,/CubeY,-0.803612
4.598778,/_samplerate,60.000000
4.598787,/CubeX,-0.866027
4.598788,/CubeY,-0.757866
4.614952,/_samplerate,60.000000
4.61496,/CubeX,-0.913546
4.614962,/CubeY,-0.708049
4.631651,/_samplerate,60.000000
4.63166,/CubeX,-0.951057
4.631662,/CubeY,-0.654429
4.648077,/_samplerate,60.000000
4.648086,/CubeX,-0.978148
4.648089,/CubeY,-0.597295
4.664981,/_samplerate,60.000000
4.664991,/CubeX,-0.994522
4.664999,/CubeY,-0.536952
4.681535,/_samplerate,60.000000
4.681543,/CubeX,-1.000000
4.681551,/CubeY,-0.473726
4.698217,/_samplerate,60.000000
4.698226,/CubeX,-0.994522
4.698227,/CubeY,-0.407955
4.71479,/_samplerate,60.000000
4.714801,/CubeX,-0.978147
4.714803,/CubeY,-0.339992
4.731507,/_samplerate,60.000000
4.731515,/CubeX,-0.951056
4.731517,/CubeY,-0.270204
4.747452,/_samplerate,60.000000
4.74746,/CubeX,-0.913545
4.747461,/CubeY,-0.198964
4.764165,/_samplerate,60.000000
4.764173,/CubeX,-0.866024
4.764177,/CubeY,-0.126656
4.780664,/_samplerate,60.000000
4.780674,/CubeX,-0.809016
4.780676,/CubeY,-0.053668
4.79716,/_samplerate,60.000000
4.797169,/CubeX,-0.743143
4.797171,/CubeY,0.019609
4.814209,/_samplerate,60.000000
4.814218,/CubeX,-0.669129
4.814219,/CubeY,0.092781
4.830686,/_samplerate,60.000000
4.830694,/CubeX,-0.587784
4.830695,/CubeY,0.165454
4.847506,/_samplerate,60.000000
4.847514,/CubeX,-0.499998
4.847517,/CubeY,0.237238
4.864118,/_samplerate,60.000000
4.864127,/CubeX,-0.406735
4.864131,/CubeY,0.307749
4.880185,/_samplerate,60.000000
4.880194,/CubeX,-0.309015
4.880195,/CubeY,0.376606
4.896826,/_samplerate,60.000000
4.896834,/CubeX,-0.207910
4.896836,/CubeY,0.443440
4.913084,/_samplerate,60.000000
4.913096,/CubeX,-0.104526
4.913099,/CubeY,0.507893
4.930086,/_samplerate,60.000000
4.930094,/CubeX,0.000002
4.930096,/CubeY,0.569618
4.946296,/_samplerate,60.000000
4.946305,/CubeX,0.104531
4.946307,/CubeY,0.628284
4.962842,/_samplerate,60.000000
4.96285,/CubeX,0.207914
4.962854,/CubeY,0.683574
4.9795,/_samplerate,60.000000
4.979508,/CubeX,0.309019
4.97951,/CubeY,0.735194
4.996122,/_samplerate,60.000000
4.996137,/CubeX,0.406739
4.996138,/CubeY,0.782865
5.012725,/_samplerate,60.000000
5.012733,/CubeX,0.500002
5.012737,/CubeY,0.826330
5.029461,/_samplerate,60.000000
5.02947,/CubeX,0.587787
5.029474,/CubeY,0.865358
5.046137,/_samplerate,60.000000
5.046145,/CubeX,0.669132
5.046146,/CubeY,0.899738
5.0622,/_samplerate,60.000000
5.062207,/CubeX,0.743146
5.062212,/CubeY,0.929285
5.078692,/_samplerate,60.000000
5.078701,/CubeX,0.809018
5.078702,/CubeY,0.953841
5.095506,/_samplerate,60.000000
5.095514,/CubeX,0.866027
5.095515,/CubeY,0.973274
5.111881,/_samplerate,60.000000
5.111888,/CubeX,0.913546
5.11189,/CubeY,0.987479
5.128771,/_samplerate,60.000000
5.128779,/CubeX,0.951057
5.128781,/CubeY,0.996380
5.145127,/_samplerate,60.000000
5.145135,/CubeX,0.978148
5.145136,/CubeY,0.999930
5.178266,/_samplerate,60.000000
5.178281,/CubeX,0.994522
5.178287,/CubeY,0.998110
5.194834,/_samplerate,60.000000
5.194844,/CubeX,1.000000
5.194846,/CubeY,0.990928
5.211462,/_samplerate,60.000000
5.211471,/CubeX,0.994522
5.211473,/CubeY,0.978424
5.228103,/_samplerate,60.000000
5.228113,/CubeX,0.978147
5.228115,/CubeY,0.960665
5.244768,/_samplerate,60.000000
5.244777,/CubeX,0.951056
5.244779,/CubeY,0.937746
5.26161,/_samplerate,60.000000
5.261622,/CubeX,0.913545
5.261625,/CubeY,0.909790
5.2783,/_samplerate,60.000000
5.278312,/CubeX,0.866024
5.278319,/CubeY,0.876948
5.294816,/_samplerate,60.000000
5.294825,/CubeX,0.809016
5.294826,/CubeY,0.839396
5.318674,/_samplerate,60.000000
5.318777,/CubeX,0.743143
5.318813,/CubeY,0.797335
5.318816,/_samplerate,60.000000
5.318818,/CubeX,0.669129
5.318819,/CubeY,0.750992
5.346062,/_samplerate,60.000000
5.346071,/CubeX,0.587784
5.346074,/CubeY,0.700616
5.346076,/_samplerate,60.000000
5.346078,/CubeX,0.499998
5.346081,/CubeY,0.646476
5.362825,/_samplerate,60.000000
5.362833,/CubeX,0.406735
5.362834,/CubeY,0.588864
5.379429,/_samplerate,60.000000
5.379437,/CubeX,0.309015
5.37944,/CubeY,0.528089
5.395912,/_samplerate,60.000000
5.39592,/CubeX,0.207910
5.395921,/CubeY,0.464477
5.412776,/_samplerate,60.000000
5.412783,/CubeX,0.104526
5.412785,/CubeY,0.398371
5.429452,/_samplerate,60.000000
5.429462,/CubeX,-0.000002
5.429464,/CubeY,0.330126
5.44604,/_samplerate,60.000000
5.446049,/CubeX,-0.104531
5.446051,/CubeY,0.260107
5.462162,/_samplerate,60.000000
5.462169,/CubeX,-0.207914
5.462171,/CubeY,0.188691
5.478742,/_samplerate,60.000000
5.47875,/CubeX,-0.309019
5.478751,/CubeY,0.116262
5.495439,/_samplerate,60.000000
5.495447,/CubeX,-0.406739
5.495448,/CubeY,0.043208
5.511755,/_samplerate,60.000000
5.511763,/CubeX,-0.500002
5.511764,/CubeY,-0.030078
5.528724,/_samplerate,60.000000
5.528733,/CubeX,-0.587787
5.528738,/CubeY,-0.103202
5.545189,/_samplerate,60.000000
5.545198,/CubeX,-0.669132
5.545199,/CubeY,-0.175772
5.578427,/_samplerate,60.000000
5.578435,/CubeX,-0.743146
5.578437,/CubeY,-0.247398
5.578438,/_samplerate,60.000000
5.57844,/CubeX,-0.809018
5.578441,/CubeY,-0.317695
5.595078,/_samplerate,60.000000
5.595086,/CubeX,-0.866027
5.595087,/CubeY,-0.386286
5.611756,/_samplerate,60.000000
5.611763,/CubeX,-0.913546
5.611765,/CubeY,-0.452802
5.6284,/_samplerate,60.000000
5.628407,/CubeX,-0.951057
5.628409,/CubeY,-0.516886
5.661771,/_samplerate,60.000000
5.66178,/CubeX,-0.978148
5.661782,/CubeY,-0.578194
5.661784,/_samplerate,60.000000
5.661785,/CubeX,-0.994522
5.661787,/CubeY,-0.636396
5.694437,/_samplerate,60.000000
5.694446,/CubeX,-1.000000
5.694497,/CubeY,-0.691180
5.711046,/_samplerate,60.000000
5.711055,/CubeX,-0.994522
5.711057,/CubeY,-0.742252
5.727936,/_samplerate,60.000000
5.727947,/CubeX,-0.978147
5.727951,/CubeY,-0.789337
5.744436,/_samplerate,60.000000
5.744445,/CubeX,-0.951056
5.744447,/CubeY,-0.832183
5.761171,/_samplerate,60.000000
5.761182,/CubeX,-0.913545
5.761184,/CubeY,-0.870558
5.77779,/_samplerate,60.000000
5.7778,/CubeX,-0.866024
5.777802,/CubeY,-0.904258
5.794525,/_samplerate,60.000000
5.794536,/CubeX,-0.809016
5.79454,/CubeY,-0.933102
5.811019,/_samplerate,60.000000
5.811029,/CubeX,-0.743143
5.811033,/CubeY,-0.956933
5.827778,/_samplerate,60.000000
5.82779,/CubeX,-0.669129
5.827792,/CubeY,-0.975625
5.844408,/_samplerate,60.000000
5.844416,/CubeX,-0.587784
5.844418,/CubeY,-0.989077
5.861054,/_samplerate,60.000000
5.861063,/CubeX,-0.499998
5.861068,/CubeY,-0.997216
5.877354,/_samplerate,60.000000
5.877365,/CubeX,-0.406735
5.87737,/CubeY,-0.999999
5.894022,/_samplerate,60.000000
5.894032,/CubeX,-0.309015
5.894034,/CubeY,-0.997411
5.910675,/_samplerate,60.000000
5.910684,/CubeX,-0.207910
5.910686,/CubeY,-0.989466
5.92751,/_samplerate,60.000000
5.92752,/CubeX,-0.104526
5.927522,/CubeY,-0.976207
5.945144,/_samplerate,60.000000
5.945154,/CubeX,0.000002
5.945156,/CubeY,-0.957704
5.945158,/_samplerate,60.000000
5.94516,/CubeX,0.104531
5.945162,/CubeY,-0.934058
5.962303,/_samplerate,60.000000
5.962311,/CubeX,0.207914
5.962314,/CubeY,-0.905394
5.995121,/_samplerate,60.000000
5.995129,/CubeX,0.309019
5.995131,/CubeY,-0.871868
5.995133,/_samplerate,60.000000
5.995135,/CubeX,0.406739
5.995136,/CubeY,-0.833659
6.02842,/_samplerate,60.000000
6.028429,/CubeX,0.500002
6.02843,/CubeY,-0.790972
6.028433,/_samplerate,60.000000
6.028434,/CubeX,0.587787
6.028436,/CubeY,-0.744037
6.061333,/_samplerate,60.000000
6.061347,/CubeX,0.669132
6.061349,/CubeY,-0.693105
6.078013,/_samplerate,60.000000
6.078022,/CubeX,0.743146
6.078027,/CubeY,-0.638451
6.094731,/_samplerate,60.000000
6.094741,/CubeX,0.809018
6.094743,/CubeY,-0.580368
6.111318,/_samplerate,60.000000
6.111326,/CubeX,0.866027
6.111327,/CubeY,-0.519167
6.127644,/_samplerate,60.000000
6.127665,/CubeX,0.913546
6.127668,/CubeY,-0.455178
6.144992,/_samplerate,60.000000
6.145004,/CubeX,0.951057
6.145007,/CubeY,-0.388745
6.161577,/_samplerate,60.000000
6.161585,/CubeX,0.978148
6.161587,/CubeY,-0.320223
6.178246,/_samplerate,60.000000
6.178257,/CubeX,0.994522
6.178262,/CubeY,-0.249981
6.194944,/_samplerate,60.000000
6.194955,/CubeX,1.000000
6.194957,/CubeY,-0.178397
6.211592,/_samplerate,60.000000
6.211602,/CubeX,0.994522
6.211607,/CubeY,-0.105855
6.228269,/_samplerate,60.000000
6.228281,/CubeX,0.978147
6.228283,/CubeY,-0.032744
6.244871,/_samplerate,60.000000
6.244881,/CubeX,0.951056
6.244883,/CubeY,0.040543
6.261485,/_samplerate,60.000000
6.261495,/CubeX,0.913545
6.261496,/CubeY,0.113612
6.277563,/_samplerate,60.000000
6.277574,/CubeX,0.866024
6.27758,/CubeY,0.186071
6.294176,/_samplerate,60.000000
6.294186,/CubeX,0.809016
6.294188,/CubeY,0.257531
6.311,/_samplerate,60.000000
6.31101,/CubeX,0.743143
6.311011,/CubeY,0.327607
6.327606,/_samplerate,60.000000
6.327615,/CubeX,0.669129
6.32762,/CubeY,0.395924
6.344195,/_samplerate,60.000000
6.344205,/CubeX,0.587784
6.34421,/CubeY,0.462114
6.360862,/_samplerate,60.000000
6.360872,/CubeX,0.499998
6.360874,/CubeY,0.525822
6.37753,/_samplerate,60.000000
6.377541,/CubeX,0.406735
6.377548,/CubeY,0.586706
6.394382,/_samplerate,60.000000
6.394393,/CubeX,0.309015
6.394395,/CubeY,0.644439
6.410865,/_samplerate,60.000000
6.410875,/CubeX,0.207910
6.410877,/CubeY,0.698710
6.427566,/_samplerate,60.000000
6.427577,/CubeX,0.104526
6.42758,/CubeY,0.749229
6.443871,/_samplerate,60.000000
6.44388,/CubeX,-0.000002
6.443882,/CubeY,0.795723
6.461016,/_samplerate,60.000000
6.461025,/CubeX,-0.104531
6.461027,/CubeY,0.837944
6.477628,/_samplerate,60.000000
6.477638,/CubeX,-0.207914
6.477644,/CubeY,0.875664
6.494391,/_samplerate,60.000000
6.494401,/CubeX,-0.309019
6.494402,/CubeY,0.908680
6.510953,/_samplerate,60.000000
6.510963,/CubeX,-0.406739
6.510965,/CubeY,0.936816
6.527734,/_samplerate,60.000000
6.527744,/CubeX,-0.500002
6.527745,/CubeY,0.959921
6.545506,/_samplerate,60.000000
6.545516,/CubeX,-0.587787
6.545518,/CubeY,0.977870
6.54552,/_samplerate,60.000000
6.545522,/CubeX,-0.669132
6.545524,/CubeY,0.990566
6.56231,/_samplerate,60.000000
6.562318,/CubeX,-0.743146
6.562323,/CubeY,0.997942
6.578819,/_samplerate,60.000000
6.578827,/CubeX,-0.809018
6.578829,/CubeY,0.999958
6.595531,/_samplerate,60.000000
6.595581,/CubeX,-0.866027
6.595584,/CubeY,0.996604
6.611846,/_samplerate,60.000000
6.611853,/CubeX,-0.913546
6.611855,/CubeY,0.987896
6.634523,/_samplerate,60.000000
6.634702,/CubeX,-0.951057
6.634706,/CubeY,0.973883
6.645148,/_samplerate,60.000000
6.645154,/CubeX,-0.978148
6.645156,/CubeY,0.954638
6.678183,/_samplerate,60.000000
6.678193,/CubeX,-0.994522
6.678194,/CubeY,0.930267
6.694814,/_samplerate,60.000000
6.694822,/CubeX,-1.000000
6.694823,/CubeY,0.900898
6.71147,/_samplerate,60.000000
6.711479,/CubeX,-0.994522
6.711483,/CubeY,0.866691
6.727859,/_samplerate,60.000000
6.727866,/CubeX,-0.978147
6.727869,/CubeY,0.827829
6.744806,/_samplerate,60.000000
6.744815,/CubeX,-0.951056
6.744817,/CubeY,0.784521
6.76119,/_samplerate,60.000000
6.761199,/CubeX,-0.913545
6.761203,/CubeY,0.736999
6.777943,/_samplerate,60.000000
6.777953,/CubeX,-0.866024
6.777956,/CubeY,0.685519
6.794482,/_samplerate,60.000000
6.794491,/CubeX,-0.809016
6.794493,/CubeY,0.630356
6.811116,/_samplerate,60.000000
6.811126,/CubeX,-0.743143
6.811128,/CubeY,0.571808
6.82782,/_samplerate,60.000000
6.827829,/CubeX,-0.669129
6.827831,/CubeY,0.510189
6.844464,/_samplerate,60.000000
6.844472,/CubeX,-0.587784
6.844474,/CubeY,0.445829
6.860945,/_samplerate,60.000000
6.860954,/CubeX,-0.499998
6.86096,/CubeY,0.379075
6.877159,/_samplerate,60.000000
6.877167,/CubeX,-0.406735
6.877171,/CubeY,0.310285
6.893804,/_samplerate,60.000000
6.893817,/CubeX,-0.309015
6.89382,/CubeY,0.239828
6.910443,/_samplerate,60.000000
6.910452,/CubeX,-0.207910
6.910454,/CubeY,0.168084
6.92696,/_samplerate,60.000000
6.92697,/CubeX,-0.104526
6.926972,/CubeY,0.095436
6.943891,/_samplerate,60.000000
6.943901,/CubeX,0.000002
6.943903,/CubeY,0.022276
6.961615,/_samplerate,60.000000
6.961627,/CubeX,0.104531
6.961629,/CubeY,-0.051004
6.978348,/_samplerate,60.000000
6.978357,/CubeX,0.207914
6.978358,/CubeY,-0.124010
6.995073,/_samplerate,60.000000
6.995082,/CubeX,0.309019
6.995084,/CubeY,-0.196350
7.011679,/_samplerate,60.000000
7.011689,/CubeX,0.406739
7.011694,/CubeY,-0.267635
7.028275,/_samplerate,60.000000
7.028286,/CubeX,0.500002
7.028287,/CubeY,-0.337483
7.045038,/_samplerate,60.000000
7.045045,/CubeX,0.587787
7.045048,/CubeY,-0.405518
7.04505,/_samplerate,60.000000
7.045051,/CubeX,0.669132
7.045053,/CubeY,-0.471375
7.078224,/_samplerate,60.000000
7.078232,/CubeX,0.743146
7.078234,/CubeY,-0.534700
7.095042,/_samplerate,60.000000
7.09505,/CubeX,0.809018
7.095052,/CubeY,-0.595154
7.095054,/_samplerate,60.000000
7.095055,/CubeX,0.866027
7.095057,/CubeY,-0.652410
7.128281,/_samplerate,60.000000
7.128295,/CubeX,0.913546
7.128299,/CubeY,-0.706163
7.144972,/_samplerate,60.000000
7.144981,/CubeX,0.951057
7.144984,/CubeY,-0.756123
7.161254,/_samplerate,60.000000
7.161262,/CubeX,0.978148
7.161265,/CubeY,-0.802022
7.177937,/_samplerate,60.000000
7.177948,/CubeX,0.994522
7.177948,/CubeY,-0.843613
7.194529,/_samplerate,60.000000
7.194538,/CubeX,1.000000
7.194542,/CubeY,-0.880673
7.211077,/_samplerate,60.000000
7.211087,/CubeX,0.994522
7.211092,/CubeY,-0.913002
7.227912,/_samplerate,60.000000
7.22792,/CubeX,0.978147
7.227922,/CubeY,-0.940428
7.245039,/_samplerate,60.000000
7.245048,/CubeX,0.951056
7.245051,/CubeY,-0.962803
7.261765,/_samplerate,60.000000
7.261771,/CubeX,0.913545
7.261773,/CubeY,-0.980007
7.261775,/_samplerate,60.000000
7.261777,/CubeX,0.866024
7.261778,/CubeY,-0.991947
7.278423,/_samplerate,60.000000
7.278432,/CubeX,0.809016
7.278435,/CubeY,-0.998559
7.311638,/_samplerate,60.000000
7.311651,/CubeX,0.743143
7.311657,/CubeY,-0.999808
7.328261,/_samplerate,60.000000
7.328269,/CubeX,0.669129
7.32827,/CubeY,-0.995687
7.344972,/_samplerate,60.000000
7.344981,/CubeX,0.587784
7.344983,/CubeY,-0.986218
7.361195,/_samplerate,60.000000
7.361208,/CubeX,0.499998
7.361211,/CubeY,-0.971452
7.377738,/_samplerate,60.000000
7.377748,/CubeX,0.406735
7.37775,/CubeY,-0.951468
7.394387,/_samplerate,60.000000
7.394396,/CubeX,0.309015
7.394398,/CubeY,-0.926374
7.411054,/_samplerate,60.000000
7.411062,/CubeX,0.207910
7.411066,/CubeY,-0.896304
7.429755,/_samplerate,60.000000
7.429767,/CubeX,0.104526
7.429769,/CubeY,-0.861420
7.429772,/_samplerate,60.000000
7.429775,/CubeX,-0.000002
7.429777,/CubeY,-0.821910
7.446326,/_samplerate,60.000000
7.446333,/CubeX,-0.104531
7.446337,/CubeY,-0.777985
7.463102,/_samplerate,60.000000
7.46311,/CubeX,-0.207914
7.463112,/CubeY,-0.729881
7.479778,/_samplerate,60.000000
7.479787,/CubeX,-0.309019
7.479788,/CubeY,-0.677857
7.496355,/_samplerate,60.000000
7.496363,/CubeX,-0.406739
7.496369,/CubeY,-0.622192
7.513063,/_samplerate,60.000000
7.51307,/CubeX,-0.500002
7.513072,/CubeY,-0.563186
7.529576,/_samplerate,60.000000
7.529583,/CubeX,-0.587787
7.529585,/CubeY,-0.501155
7.546304,/_samplerate,60.000000
7.546312,/CubeX,-0.669132
7.546314,/CubeY,-0.436431
7.56247,/_samplerate,60.000000
7.562479,/CubeX,-0.743146
7.56248,/CubeY,-0.369364
7.579056,/_samplerate,60.000000
7.579065,/CubeX,-0.809018
7.579067,/CubeY,-0.300313
7.595674,/_samplerate,60.000000
7.595682,/CubeX,-0.866027
7.595686,/CubeY,-0.229649
7.612201,/_samplerate,60.000000
7.612208,/CubeX,-0.913546
7.61221,/CubeY,-0.157752
7.629039,/_samplerate,60.000000
7.629047,/CubeX,-0.951057
7.629049,/CubeY,-0.085007
7.645121,/_samplerate,60.000000
7.645128,/CubeX,-0.978148
7.645131,/CubeY,-0.011805
7.678449,/_samplerate,60.000000
7.678457,/CubeX,-0.994522
7.67846,/CubeY,0.061459
7.678463,/_samplerate,60.000000
7.678463,/CubeX,-1.000000
7.678464,/CubeY,0.134394
7.695046,/_samplerate,60.000000
7.695053,/CubeX,-0.994522
7.695057,/CubeY,0.206607
7.711759,/_samplerate,60.000000
7.711767,/CubeX,-0.978147
7.711768,/CubeY,0.277710
7.745022,/_samplerate,60.000000
7.745032,/CubeX,-0.951056
7.745034,/CubeY,0.347322
7.761621,/_samplerate,60.000000
7.761631,/CubeX,-0.913545
7.761632,/CubeY,0.415068
7.778326,/_samplerate,60.000000
7.778335,/CubeX,-0.866024
7.778337,/CubeY,0.480585
7.794934,/_samplerate,60.000000
7.794947,/CubeX,-0.809016
7.794949,/CubeY,0.543520
7.811694,/_samplerate,60.000000
7.811703,/CubeX,-0.743143
7.811707,/CubeY,0.603536
7.811708,/_samplerate,60.000000
7.811709,/CubeX,-0.669129
7.811711,/CubeY,0.660311
7.8449,/_samplerate,60.000000
7.844913,/CubeX,-0.587784
7.844915,/CubeY,0.713539
7.861616,/_samplerate,60.000000
7.861626,/CubeX,-0.499998
7.86163,/CubeY,0.762935
7.877592,/_samplerate,60.000000
7.877603,/CubeX,-0.406735
7.877605,/CubeY,0.808232
7.894451,/_samplerate,60.000000
7.894461,/CubeX,-0.309015
7.894463,/CubeY,0.849189
7.910968,/_samplerate,60.000000
7.910978,/CubeX,-0.207910
7.910984,/CubeY,0.885585
7.92769,/_samplerate,60.000000
7.9277,/CubeX,-0.104526
7.927701,/CubeY,0.917224
7.945043,/_samplerate,60.000000
7.945053,/CubeX,0.000002
7.945056,/CubeY,0.943937
7.961727,/_samplerate,60.000000
7.961735,/CubeX,0.104531
7.961738,/CubeY,0.965580
7.96174,/_samplerate,60.000000
7.961741,/CubeX,0.207914
7.961742,/CubeY,0.982037
7.995063,/_samplerate,60.000000
7.995075,/CubeX,0.309019
7.995079,/CubeY,0.993219
8.011673,/_samplerate,60.000000
8.011683,/CubeX,0.406739
8.011684,/CubeY,0.999066
8.028322,/_samplerate,60.000000
8.028332,/CubeX,0.500002
8.028336,/CubeY,0.999548
8.044901,/_samplerate,60.000000
8.04491,/CubeX,0.587787
8.044912,/CubeY,0.994660
8.061037,/_samplerate,60.000000
8.061047,/CubeX,0.669132
8.061049,/CubeY,0.984431
8.07777,/_samplerate,60.000000
8.077784,/CubeX,0.743146
8.077785,/CubeY,0.968914
8.09461,/_samplerate,60.000000
8.09462,/CubeX,0.809018
8.094622,/CubeY,0.948193
8.111177,/_samplerate,60.000000
8.111187,/CubeX,0.866027
8.111189,/CubeY,0.922379
8.127802,/_samplerate,60.000000
8.12781,/CubeX,0.913546
8.127811,/CubeY,0.891611
8.144482,/_samplerate,60.000000
8.144489,/CubeX,0.951057
8.144491,/CubeY,0.856054
8.161407,/_samplerate,60.000000
8.161417,/CubeX,0.978148
8.161421,/CubeY,0.815900
8.178061,/_samplerate,60.000000
8.178076,/CubeX,0.994522
8.17808,/CubeY,0.771363
8.194702,/_samplerate,60.000000
8.194715,/CubeX,1.000000
8.194717,/CubeY,0.722683
8.211586,/_samplerate,60.000000
8.211597,/CubeX,0.994522
8.211599,/CubeY,0.670121
8.227705,/_samplerate,60.000000
8.227713,/CubeX,0.978147
8.227715,/CubeY,0.613960
8.244846,/_samplerate,60.000000
8.244856,/CubeX,0.951056
8.244858,/CubeY,0.554502
8.261452,/_samplerate,60.000000
8.261461,/CubeX,0.913545
8.261465,/CubeY,0.492065
8.27813,/_samplerate,60.000000
8.278141,/CubeX,0.866024
8.278143,/CubeY,0.426986
8.294815,/_samplerate,60.000000
8.294825,/CubeX,0.809016
8.294827,/CubeY,0.359613
8.311455,/_samplerate,60.000000
8.311462,/CubeX,0.743143
8.311464,/CubeY,0.290308
8.327806,/_samplerate,60.000000
8.327816,/CubeX,0.669129
8.32782,/CubeY,0.219445
8.344896,/_samplerate,60.000000
8.344908,/CubeX,0.587784
8.34491,/CubeY,0.147402
8.361071,/_samplerate,60.000000
8.36108,/CubeX,0.499998
8.361084,/CubeY,0.074568
8.377419,/_samplerate,60.000000
8.377432,/CubeX,0.406735
8.377436,/CubeY,0.001334
8.394114,/_samplerate,60.000000
8.394125,/CubeX,0.309015
8.394127,/CubeY,-0.071908
8.410652,/_samplerate,60.000000
8.410662,/CubeX,0.207910
8.410664,/CubeY,-0.144764
8.429205,/_samplerate,60.000000
8.429216,/CubeX,0.104526
8.429218,/CubeY,-0.216841
8.429222,/_samplerate,60.000000
8.429226,/CubeX,-0.000002
8.42923,/CubeY,-0.287755
8.445852,/_samplerate,60.000000
8.44586,/CubeX,-0.104531
8.445862,/CubeY,-0.357123
8.463072,/_samplerate,60.000000
8.463079,/CubeX,-0.207914
8.463079,/CubeY,-0.424572
8.478954,/_samplerate,60.000000
8.478962,/CubeX,-0.309019
8.478964,/CubeY,-0.489741
8.495567,/_samplerate,60.000000
8.495577,/CubeX,-0.406739
8.495581,/CubeY,-0.552280
8.512154,/_samplerate,60.000000
8.512161,/CubeX,-0.500002
8.512167,/CubeY,-0.611853
8.529066,/_samplerate,60.000000
8.529074,/CubeX,-0.587787
8.529076,/CubeY,-0.668139
8.5455,/_samplerate,60.000000
8.545507,/CubeX,-0.669132
8.545509,/CubeY,-0.720837
8.56185,/_samplerate,60.000000
8.561857,/CubeX,-0.743146
8.561859,/CubeY,-0.769662
8.57847,/_samplerate,60.000000
8.578478,/CubeX,-0.809018
8.57848,/CubeY,-0.814355
8.59516,/_samplerate,60.000000
8.595169,/CubeX,-0.866027
8.595171,/CubeY,-0.854673
8.628426,/_samplerate,60.000000
8.628433,/CubeX,-0.913546
8.628437,/CubeY,-0.890400
8.628439,/_samplerate,60.000000
8.628439,/CubeX,-0.951057
8.628441,/CubeY,-0.921346
8.661537,/_samplerate,60.000000
8.661549,/CubeX,-0.978148
8.661551,/CubeY,-0.947342
8.678259,/_samplerate,60.000000
8.67827,/CubeX,-0.994522
8.678272,/CubeY,-0.968251
8.694906,/_samplerate,60.000000
8.694916,/CubeX,-1.000000
8.694918,/CubeY,-0.983959
8.711555,/_samplerate,60.000000
8.711565,/CubeX,-0.994522
8.711567,/CubeY,-0.994382
8.728205,/_samplerate,60.000000
8.728214,/CubeX,-0.978147
8.72822,/CubeY,-0.999464
8.744919,/_samplerate,60.000000
8.744928,/CubeX,-0.951056
8.74493,/CubeY,-0.999178
8.761082,/_samplerate,60.000000
8.761093,/CubeX,-0.913545
8.761095,/CubeY,-0.993525
8.777754,/_samplerate,60.000000
8.777765,/CubeX,-0.866024
8.777767,/CubeY,-0.982536
8.794516,/_samplerate,60.000000
8.794525,/CubeX,-0.809016
8.794527,/CubeY,-0.966270
8.811071,/_samplerate,60.000000
8.811085,/CubeX,-0.743143
8.811087,/CubeY,-0.944814
8.827755,/_samplerate,60.000000
8.827763,/CubeX,-0.669129
8.827768,/CubeY,-0.918284
8.84557,/_samplerate,60.000000
8.845577,/CubeX,-0.587784
8.845581,/CubeY,-0.886821
8.845583,/_samplerate,60.000000
8.845587,/CubeX,-0.499998
8.845589,/CubeY,-0.850595
8.862158,/_samplerate,60.000000
8.862164,/CubeX,-0.406735
8.862165,/CubeY,-0.809800
8.878895,/_samplerate,60.000000
8.878901,/CubeX,-0.309015
8.878904,/CubeY,-0.764656
8.895655,/_samplerate,60.000000
8.895664,/CubeX,-0.207910
8.895666,/CubeY,-0.715405
8.911926,/_samplerate,60.000000
8.911934,/CubeX,-0.104526
8.911938,/CubeY,-0.662312
8.928595,/_samplerate,60.000000
8.928602,/CubeX,0.000002
8.928604,/CubeY,-0.605661
8.945511,/_samplerate,60.000000
8.945517,/CubeX,0.104531
8.945518,/CubeY,-0.545757
8.978294,/_samplerate,60.000000
8.978308,/CubeX,0.207914
8.978312,/CubeY,-0.482922
8.994932,/_samplerate,60.000000
8.994942,/CubeX,0.309019
8.994944,/CubeY,-0.417493
9.011478,/_samplerate,60.000000
9.011488,/CubeX,0.406739
9.01149,/CubeY,-0.349822
9.028166,/_samplerate,60.000000
9.028172,/CubeX,0.500002
9.028177,/CubeY,-0.280272
9.045359,/_samplerate,60.000000
9.045366,/CubeX,0.587787
9.045368,/CubeY,-0.209216
9.045372,/_samplerate,60.000000
9.045372,/CubeX,0.669132
9.045374,/CubeY,-0.137037
9.061977,/_samplerate,60.000000
9.061985,/CubeX,0.743146
9.061987,/CubeY,-0.064122
9.078527,/_samplerate,60.000000
9.078535,/CubeX,0.809018
9.078537,/CubeY,0.009138
9.095369,/_samplerate,60.000000
9.095379,/CubeX,0.866027
9.095381,/CubeY,0.082349
9.11202,/_samplerate,60.000000
9.112028,/CubeX,0.913546
9.112034,/CubeY,0.155117
9.128698,/_samplerate,60.000000
9.128708,/CubeX,0.951057
9.128712,/CubeY,0.227052
9.145214,/_samplerate,60.000000
9.145222,/CubeX,0.978148
9.145224,/CubeY,0.297768
9.161837,/_samplerate,60.000000
9.161844,/CubeX,0.994522
9.161846,/CubeY,0.366884
9.178532,/_samplerate,60.000000
9.178541,/CubeX,1.000000
9.178545,/CubeY,0.434030
9.195211,/_samplerate,60.000000
9.195221,/CubeX,0.994522
9.195223,/CubeY,0.498844
9.211826,/_samplerate,60.000000
9.211834,/CubeX,0.978147
9.21184,/CubeY,0.560980
9.228527,/_samplerate,60.000000
9.228535,/CubeX,0.951056
9.228537,/CubeY,0.620102
9.245121,/_samplerate,60.000000
9.245129,/CubeX,0.913545
9.245131,/CubeY,0.675894
9.277912,/_samplerate,60.000000
9.277924,/CubeX,0.866024
9.277925,/CubeY,0.728055
9.294653,/_samplerate,60.000000
9.294664,/CubeX,0.809016
9.294666,/CubeY,0.776306
9.311335,/_samplerate,60.000000
9.311344,/CubeX,0.743143
9.311348,/CubeY,0.820387
9.329456,/_samplerate,60.000000
9.329464,/CubeX,0.669129
9.329466,/CubeY,0.860062
9.329468,/_samplerate,60.000000
9.32947,/CubeX,0.587784
9.329472,/CubeY,0.895118
9.346083,/_samplerate,60.000000
9.34609,/CubeX,0.499998
9.346096,/CubeY,0.925366
9.36273,/_samplerate,60.000000
9.362738,/CubeX,0.406735
9.36274,/CubeY,0.950644
9.379335,/_samplerate,60.000000
9.379343,/CubeX,0.309015
9.379345,/CubeY,0.970815
9.396095,/_samplerate,60.000000
9.396105,/CubeX,0.207910
9.396107,/CubeY,0.985773
9.412642,/_samplerate,60.000000
9.412653,/CubeX,0.104526
9.412653,/CubeY,0.995436
9.428959,/_samplerate,60.000000
9.428967,/CubeX,-0.000002
9.428968,/CubeY,0.999752
9.445488,/_samplerate,60.000000
9.445498,/CubeX,-0.104531
9.445499,/CubeY,0.998699
9.462111,/_samplerate,60.000000
9.462116,/CubeX,-0.207914
9.462118,/CubeY,0.992281
9.478735,/_samplerate,60.000000
9.478741,/CubeX,-0.309019
9.478743,/CubeY,0.980534
9.495453,/_samplerate,60.000000
9.495459,/CubeX,-0.406739
9.495461,/CubeY,0.963520
9.512056,/_samplerate,60.000000
9.512066,/CubeX,-0.500002
9.512068,/CubeY,0.941332
9.528742,/_samplerate,60.000000
9.528749,/CubeX,-0.587787
9.528751,/CubeY,0.914087
9.561554,/_samplerate,60.000000
9.561565,/CubeX,-0.669132
9.561569,/CubeY,0.881933
9.578203,/_samplerate,60.000000
9.578213,/CubeX,-0.743146
9.578215,/CubeY,0.845042
9.594952,/_samplerate,60.000000
9.594965,/CubeX,-0.809018
9.594967,/CubeY,0.803612
9.611555,/_samplerate,60.000000
9.611565,/CubeX,-0.866027
9.611567,/CubeY,0.757866
9.627897,/_samplerate,60.000000
9.627907,/CubeX,-0.913546
9.627909,/CubeY,0.708049
9.645233,/_samplerate,60.000000
9.645243,/CubeX,-0.951057
9.645245,/CubeY,0.654430
9.645248,/_samplerate,60.000000
9.64525,/CubeX,-0.978148
9.645252,/CubeY,0.597295
9.678587,/_samplerate,60.000000
9.678596,/CubeX,-0.994522
9.678596,/CubeY,0.536953
9.678598,/_samplerate,60.000000
9.6786,/CubeX,-1.000000
9.678602,/CubeY,0.473726
9.695189,/_samplerate,60.000000
9.695196,/CubeX,-0.994522
9.6952,/CubeY,0.407955
9.711899,/_samplerate,60.000000
9.711905,/CubeX,-0.978147
9.711906,/CubeY,0.339993
9.745621,/_samplerate,60.000000
9.74563,/CubeX,-0.951056
9.745632,/CubeY,0.270204
9.745636,/_samplerate,60.000000
9.745638,/CubeX,-0.913545
9.745642,/CubeY,0.198965
9.762278,/_samplerate,60.000000
9.762287,/CubeX,-0.866024
9.762291,/CubeY,0.126656
9.7789,/_samplerate,60.000000
9.778908,/CubeX,-0.809016
9.778912,/CubeY,0.053668
9.795528,/_samplerate,60.000000
9.795542,/CubeX,-0.743143
9.795544,/CubeY,-0.019609
9.81193,/_samplerate,60.000000
9.811937,/CubeX,-0.669129
9.811939,/CubeY,-0.092780
9.82885,/_samplerate,60.000000
9.828857,/CubeX,-0.587784
9.828861,/CubeY,-0.165453
9.845213,/_samplerate,60.000000
9.845221,/CubeX,-0.499998
9.845224,/CubeY,-0.237238
9.878311,/_samplerate,60.000000
9.878321,/CubeX,-0.406735
9.878321,/CubeY,-0.307748
9.894909,/_samplerate,60.000000
9.894918,/CubeX,-0.309015
9.89492,/CubeY,-0.376606
9.911575,/_samplerate,60.000000
9.911585,/CubeX,-0.207910
9.911587,/CubeY,-0.443440
9.928188,/_samplerate,60.000000
9.9282,/CubeX,-0.104526
9.928202,/CubeY,-0.507893
9.945063,/_samplerate,60.000000
9.945074,/CubeX,0.000002
9.945076,/CubeY,-0.569618
9.961922,/_samplerate,60.000000
9.961931,/CubeX,0.104531
9.961937,/CubeY,-0.628283
9.961939,/_samplerate,60.000000
9.961941,/CubeX,0.207914
9.961943,/CubeY,-0.683574
9.978493,/_samplerate,60.000000
9.978498,/CubeX,0.309019
9.9785,/CubeY,-0.735194
9.995279,/_samplerate,60.000000
9.995289,/CubeX,0.406739
9.995289,/CubeY,-0.782864
10.01182,/_samplerate,60.000000
10.01183,/CubeX,0.500002
10.01183,/CubeY,-0.826330
10.02864,/_samplerate,60.000000
10.02864,/CubeX,0.587787
10.02865,/CubeY,-0.865358
10.04552,/_samplerate,60.000000
10.04553,/CubeX,0.669132
10.04553,/CubeY,-0.899737
10.06219,/_samplerate,60.000000
10.06219,/CubeX,0.743146
10.0622,/CubeY,-0.929285
10.07892,/_samplerate,60.000000
10.07893,/CubeX,0.809018
10.07893,/CubeY,-0.953841
10.09545,/_samplerate,60.000000
10.09545,/CubeX,0.866027
10.09546,/CubeY,-0.973274
10.11207,/_samplerate,60.000000
10.11208,/CubeX,0.913546
10.11208,/CubeY,-0.987479
10.12854,/_samplerate,60.000000
10.12855,/CubeX,0.951057
10.12855,/CubeY,-0.996380
10.14539,/_samplerate,60.000000
10.1454,/CubeX,0.978148
10.1454,/CubeY,-0.999930
10.16201,/_samplerate,60.000000
10.16202,/CubeX,0.994522
10.16202,/CubeY,-0.998110
10.1787,/_samplerate,60.000000
10.17871,/CubeX,1.000000
10.17871,/CubeY,-0.990928
10.19523,/_samplerate,60.000000
10.19524,/CubeX,0.994522
10.19524,/CubeY,-0.978424
10.21189,/_samplerate,60.000000
10.2119,/CubeX,0.978147
10.2119,/CubeY,-0.960665
10.22853,/_samplerate,60.000000
10.22853,/CubeX,0.951056
10.22854,/CubeY,-0.937746
10.2454,/_samplerate,60.000000
10.2454,/CubeX,0.913545
10.24541,/CubeY,-0.909791
10.26198,/_samplerate,60.000000
10.26199,/CubeX,0.866024
10.26199,/CubeY,-0.876949
10.27855,/_samplerate,60.000000
10.27856,/CubeX,0.809016
10.27856,/CubeY,-0.839396
10.29543,/_samplerate,60.000000
10.29544,/CubeX,0.743143
10.29544,/CubeY,-0.797336
10.31179,/_samplerate,60.000000
10.3118,/CubeX,0.669129
10.3118,/CubeY,-0.750993
10.32855,/_samplerate,60.000000
10.32856,/CubeX,0.587784
10.32856,/CubeY,-0.700616
10.34575,/_samplerate,60.000000
10.34576,/CubeX,0.499998
10.34576,/CubeY,-0.646476
10.36239,/_samplerate,60.000000
10.3624,/CubeX,0.406735
10.3624,/CubeY,-0.588864
10.37906,/_samplerate,60.000000
10.37906,/CubeX,0.309015
10.37906,/CubeY,-0.528089
10.39551,/_samplerate,60.000000
10.39552,/CubeX,0.207910
10.39552,/CubeY,-0.464478
10.4124,/_samplerate,60.000000
10.41241,/CubeX,0.104526
10.41241,/CubeY,-0.398372
10.42878,/_samplerate,60.000000
10.42879,/CubeX,-0.000002
10.4288,/CubeY,-0.330126
10.44516,/_samplerate,60.000000
10.44517,/CubeX,-0.104531
10.44517,/CubeY,-0.260107
10.46187,/_samplerate,60.000000
10.46187,/CubeX,-0.207914
10.46188,/CubeY,-0.188691
10.47844,/_samplerate,60.000000
10.47845,/CubeX,-0.309019
10.47845,/CubeY,-0.116262
10.51163,/_samplerate,60.000000
10.51164,/CubeX,-0.406739
10.51164,/CubeY,-0.043208
10.52849,/_samplerate,60.000000
10.52849,/CubeX,-0.500002
10.5285,/CubeY,0.030078
10.5285,/_samplerate,60.000000
10.5285,/CubeX,-0.587787
10.5285,/CubeY,0.103202
10.56132,/_samplerate,60.000000
10.56133,/CubeX,-0.669132
10.56134,/CubeY,0.175772
10.57792,/_samplerate,60.000000
10.57793,/CubeX,-0.743146
10.57793,/CubeY,0.247398
10.59459,/_samplerate,60.000000
10.5946,/CubeX,-0.809018
10.5946,/CubeY,0.317695
10.6113,/_samplerate,60.000000
10.61131,/CubeX,-0.866027
10.61131,/CubeY,0.386286
10.62799,/_samplerate,60.000000
10.628,/CubeX,-0.913546
10.628,/CubeY,0.452802
10.6447,/_samplerate,60.000000
10.64471,/CubeX,-0.951057
10.64471,/CubeY,0.516886
10.66161,/_samplerate,60.000000
10.66162,/CubeX,-0.978148
10.66162,/CubeY,0.578193
10.67831,/_samplerate,60.000000
10.67834,/CubeX,-0.994522
10.67834,/CubeY,0.636396
10.69492,/_samplerate,60.000000
10.69493,/CubeX,-1.000000
10.69493,/CubeY,0.691180
10.71162,/_samplerate,60.000000
10.71163,/CubeX,-0.994522
10.71163,/CubeY,0.742252
10.72832,/_samplerate,60.000000
10.72833,/CubeX,-0.978147
10.72833,/CubeY,0.789337
10.74491,/_samplerate,60.000000
10.74492,/CubeX,-0.951056
10.74492,/CubeY,0.832182
10.76186,/_samplerate,60.000000
10.76187,/CubeX,-0.913545
10.76187,/CubeY,0.870558
10.76188,/_samplerate,60.000000
10.76188,/CubeX,-0.866024
10.76188,/CubeY,0.904258
10.77852,/_samplerate,60.000000
10.77853,/CubeX,-0.809016
10.77853,/CubeY,0.933102
10.79521,/_samplerate,60.000000
10.79522,/CubeX,-0.743143
10.79522,/CubeY,0.956933
10.81193,/_samplerate,60.000000
10.81194,/CubeX,-0.669129
10.81194,/CubeY,0.975625
10.84513,/_samplerate,60.000000
10.84513,/CubeX,-0.587784
10.84514,/CubeY,0.989077
10.84514,/_samplerate,60.000000
10.84514,/CubeX,-0.499998
10.84514,/CubeY,0.997216
10.87791,/_samplerate,60.000000
10.87792,/CubeX,-0.406735
10.87792,/CubeY,0.999999
10.89454,/_samplerate,60.000000
10.89455,/CubeX,-0.309015
10.89455,/CubeY,0.997411
10.91129,/_samplerate,60.000000
10.9113,/CubeX,-0.207910
10.9113,/CubeY,0.989466
10.92755,/_samplerate,60.000000
10.92756,/CubeX,-0.104526
10.92756,/CubeY,0.976207
10.94565,/_samplerate,60.000000
10.94566,/CubeX,0.000002
10.94566,/CubeY,0.957704
10.94566,/_samplerate,60.000000
10.94567,/CubeX,0.104531
10.94567,/CubeY,0.934058
10.96238,/_samplerate,60.000000
10.96239,/CubeX,0.207914
10.96239,/CubeY,0.905394
10.97884,/_samplerate,60.000000
10.97885,/CubeX,0.309019
10.97885,/CubeY,0.871868
10.99567,/_samplerate,60.000000
10.99568,/CubeX,0.406739
10.99568,/CubeY,0.833659
11.0123,/_samplerate,60.000000
11.01231,/CubeX,0.500002
11.01231,/CubeY,0.790972
11.0285,/_samplerate,60.000000
11.02851,/CubeX,0.587787
11.02851,/CubeY,0.744037
11.04549,/_samplerate,60.000000
11.0455,/CubeX,0.669132
11.0455,/CubeY,0.693105
11.07833,/_samplerate,60.000000
11.07834,/CubeX,0.743146
11.07834,/CubeY,0.638451
11.09507,/_samplerate,60.000000
11.09508,/CubeX,0.809018
11.09508,/CubeY,0.580368
11.11146,/_samplerate,60.000000
11.11148,/CubeX,0.866027
11.11148,/CubeY,0.519168
11.12952,/_samplerate,60.000000
11.12953,/CubeX,0.913546
11.12954,/CubeY,0.455179
11.12954,/_samplerate,60.000000
11.12954,/CubeX,0.951057
11.12955,/CubeY,0.388745
11.14674,/_samplerate,60.000000
11.14674,/CubeX,0.978148
11.14675,/CubeY,0.320223
11.16283,/_samplerate,60.000000
11.16284,/CubeX,0.994522
11.16284,/CubeY,0.249982
11.17956,/_samplerate,60.000000
11.17957,/CubeX,1.000000
11.17957,/CubeY,0.178397
11.19592,/_samplerate,60.000000
11.19593,/CubeX,0.994522
11.19593,/CubeY,0.105855
11.21283,/_samplerate,60.000000
11.21284,/CubeX,0.978147
11.21284,/CubeY,0.032744
11.22999,/_samplerate,60.000000
11.23,/CubeX,0.951056
11.23001,/CubeY,-0.040543
11.24657,/_samplerate,60.000000
11.24658,/CubeX,0.913545
11.24658,/CubeY,-0.113612
11.26342,/_samplerate,60.000000
11.26343,/CubeX,0.866024
11.26343,/CubeY,-0.186071
11.28008,/_samplerate,60.000000
11.28008,/CubeX,0.809016
11.28009,/CubeY,-0.257530
11.29637,/_samplerate,60.000000
11.29638,/CubeX,0.743143
11.29638,/CubeY,-0.327607
11.31333,/_samplerate,60.000000
11.31334,/CubeX,0.669129
11.31334,/CubeY,-0.395923
11.32987,/_samplerate,60.000000
11.32988,/CubeX,0.587784
11.32988,/CubeY,-0.462114
11.34599,/_samplerate,60.000000
11.34599,/CubeX,0.499998
11.346,/CubeY,-0.525822
11.36272,/_samplerate,60.000000
11.36273,/CubeX,0.406735
11.36274,/CubeY,-0.586706
11.37917,/_samplerate,60.000000
11.37918,/CubeX,0.309015
11.37918,/CubeY,-0.644438
11.39572,/_samplerate,60.000000
11.39573,/CubeX,0.207910
11.39573,/CubeY,-0.698710
11.41266,/_samplerate,60.000000
11.41267,/CubeX,0.104526
11.41267,/CubeY,-0.749228
11.42933,/_samplerate,60.000000
11.42934,/CubeX,-0.000002
11.42934,/CubeY,-0.795723
11.44541,/_samplerate,60.000000
11.44542,/CubeX,-0.104531
11.44542,/CubeY,-0.837943
11.46205,/_samplerate,60.000000
11.46206,/CubeX,-0.207914
11.46206,/CubeY,-0.875663
11.47851,/_samplerate,60.000000
11.47852,/CubeX,-0.309019
11.47853,/CubeY,-0.908680
11.49516,/_samplerate,60.000000
11.49516,/CubeX,-0.406739
11.49517,/CubeY,-0.936816
11.51188,/_samplerate,60.000000
11.51189,/CubeX,-0.500002
11.51189,/CubeY,-0.959921
11.52856,/_samplerate,60.000000
11.52857,/CubeX,-0.587787
11.52857,/CubeY,-0.977869
11.54567,/_samplerate,60.000000
11.54572,/CubeX,-0.669132
11.54572,/CubeY,-0.990566
11.56243,/_samplerate,60.000000
11.56244,/CubeX,-0.743146
11.56244,/CubeY,-0.997942
11.57903,/_samplerate,60.000000
11.57903,/CubeX,-0.809018
11.57904,/CubeY,-0.999958
11.59552,/_samplerate,60.000000
11.59552,/CubeX,-0.866027
11.59553,/CubeY,-0.996604
11.61217,/_samplerate,60.000000
11.61217,/CubeX,-0.913546
11.61217,/CubeY,-0.987896
11.62946,/_samplerate,60.000000
11.62947,/CubeX,-0.951057
11.62947,/CubeY,-0.973883
11.64613,/_samplerate,60.000000
11.64614,/CubeX,-0.978148
11.64614,/CubeY,-0.954638
11.66276,/_samplerate,60.000000
11.66277,/CubeX,-0.994522
11.66277,/CubeY,-0.930267
11.67949,/_samplerate,60.000000
11.6795,/CubeX,-1.000000
11.67951,/CubeY,-0.900899
11.69606,/_samplerate,60.000000
11.69607,/CubeX,-0.994522
11.69607,/CubeY,-0.866692
11.71273,/_samplerate,60.000000
11.71273,/CubeX,-0.978147
11.71274,/CubeY,-0.827830
11.72934,/_samplerate,60.000000
11.72935,/CubeX,-0.951056
11.72935,/CubeY,-0.784521
11.74543,/_samplerate,60.000000
11.74545,/CubeX,-0.913545
11.74545,/CubeY,-0.736999
11.76203,/_samplerate,60.000000
11.76204,/CubeX,-0.866024
11.76204,/CubeY,-0.685519
11.77861,/_samplerate,60.000000
11.77862,/CubeX,-0.809016
11.77862,/CubeY,-0.630357
11.79543,/_samplerate,60.000000
11.79543,/CubeX,-0.743143
11.79544,/CubeY,-0.571809
11.81204,/_samplerate,60.000000
11.81205,/CubeX,-0.669129
11.81205,/CubeY,-0.510189
11.82856,/_samplerate,60.000000
11.82856,/CubeX,-0.587784
11.82857,/CubeY,-0.445830
11.86164,/_samplerate,60.000000
11.86165,/CubeX,-0.499998
11.86166,/CubeY,-0.379076
11.87842,/_samplerate,60.000000
11.87843,/CubeX,-0.406735
11.87843,/CubeY,-0.310285
11.87844,/_samplerate,60.000000
11.87844,/CubeX,-0.309015
11.87844,/CubeY,-0.239829
11.91153,/_samplerate,60.000000
11.91154,/CubeX,-0.207910
11.91154,/CubeY,-0.168084
11.93051,/_samplerate,60.000000
11.93053,/CubeX,-0.104526
11.93053,/CubeY,-0.095436
11.93054,/_samplerate,60.000000
11.93054,/CubeX,0.000002
11.93054,/CubeY,-0.022276
11.9473,/_samplerate,60.000000
11.94731,/CubeX,0.104531
11.94731,/CubeY,0.051004
11.96404,/_samplerate,60.000000
11.96405,/CubeX,0.207914
11.96405,/CubeY,0.124010
11.98061,/_samplerate,60.000000
11.98062,/CubeX,0.309019
11.98062,/CubeY,0.196350
11.99728,/_samplerate,60.000000
11.99729,/CubeX,0.406739
11.99729,/CubeY,0.267635
12.01348,/_samplerate,60.000000
12.01348,/CubeX,0.500002
12.01348,/CubeY,0.337483
12.03026,/_samplerate,60.000000
12.03027,/CubeX,0.587787
12.03027,/CubeY,0.405518
12.04661,/_samplerate,60.000000
12.04662,/CubeX,0.669132
12.04662,/CubeY,0.471375
12.06332,/_samplerate,60.000000
12.06333,/CubeX,0.743146
12.06333,/CubeY,0.534700
12.07986,/_samplerate,60.000000
12.07987,/CubeX,0.809018
12.07987,/CubeY,0.595153
12.09637,/_samplerate,60.000000
12.09638,/CubeX,0.866027
12.09638,/CubeY,0.652410
12.11311,/_samplerate,60.000000
12.11312,/CubeX,0.913546
12.11312,/CubeY,0.706163
12.12989,/_samplerate,60.000000
12.1299,/CubeX,0.951057
12.1299,/CubeY,0.756123
12.14631,/_samplerate,60.000000
12.14632,/CubeX,0.978148
12.14632,/CubeY,0.802021
12.16265,/_samplerate,60.000000
12.16266,/CubeX,0.994522
12.16266,/CubeY,0.843612
12.17919,/_samplerate,60.000000
12.1792,/CubeX,1.000000
12.1792,/CubeY,0.880672
12.19593,/_samplerate,60.000000
12.19594,/CubeX,0.994522
12.19594,/CubeY,0.913002
12.21227,/_samplerate,60.000000
12.21228,/CubeX,0.978147
12.21228,/CubeY,0.940428
12.22924,/_samplerate,60.000000
12.22925,/CubeX,0.951056
12.22925,/CubeY,0.962803
12.2458,/_samplerate,60.000000
12.24581,/CubeX,0.913545
12.24581,/CubeY,0.980007
12.26188,/_samplerate,60.000000
12.26188,/CubeX,0.866024
12.26189,/CubeY,0.991947
12.27857,/_samplerate,60.000000
12.27858,/CubeX,0.809016
12.27858,/CubeY,0.998559
12.29522,/_samplerate,60.000000
12.29523,/CubeX,0.743143
12.29523,/CubeY,0.999808
12.31187,/_samplerate,60.000000
12.31187,/CubeX,0.669129
12.31188,/CubeY,0.995687
12.32856,/_samplerate,60.000000
12.32857,/CubeX,0.587784
12.32857,/CubeY,0.986218
12.34531,/_samplerate,60.000000
12.34532,/CubeX,0.499998
12.34532,/CubeY,0.971452
12.36191,/_samplerate,60.000000
12.36192,/CubeX,0.406735
12.36192,/CubeY,0.951468
12.37862,/_samplerate,60.000000
12.37863,/CubeX,0.309015
12.37863,/CubeY,0.926374
12.39524,/_samplerate,60.000000
12.39525,/CubeX,0.207910
12.39525,/CubeY,0.896304
12.41186,/_samplerate,60.000000
12.41187,/CubeX,0.104526
12.41187,/CubeY,0.861420
12.42851,/_samplerate,60.000000
12.42852,/CubeX,-0.000002
12.42852,/CubeY,0.821910
12.4616,/_samplerate,60.000000
12.46161,/CubeX,-0.104531
12.46161,/CubeY,0.777985
12.47828,/_samplerate,60.000000
12.47829,/CubeX,-0.207914
12.47829,/CubeY,0.729881
12.49488,/_samplerate,60.000000
12.49489,/CubeX,-0.309019
12.4949,/CubeY,0.677857
12.51142,/_samplerate,60.000000
12.51143,/CubeX,-0.406739
12.51143,/CubeY,0.622193
12.52814,/_samplerate,60.000000
12.52816,/CubeX,-0.500002
12.52816,/CubeY,0.563186
12.54536,/_samplerate,60.000000
12.54537,/CubeX,-0.587787
12.54537,/CubeY,0.501155
12.54537,/_samplerate,60.000000
12.54538,/CubeX,-0.669132
12.54538,/CubeY,0.436432
12.56213,/_samplerate,60.000000
12.56213,/CubeX,-0.743146
12.56213,/CubeY,0.369365
12.57858,/_samplerate,60.000000
12.57859,/CubeX,-0.809018
12.57859,/CubeY,0.300314
12.59529,/_samplerate,60.000000
12.5953,/CubeX,-0.866027
12.5953,/CubeY,0.229650
12.62838,/_samplerate,60.000000
12.62839,/CubeX,-0.913546
12.62839,/CubeY,0.157752
12.64566,/_samplerate,60.000000
12.64567,/CubeX,-0.951057
12.64567,/CubeY,0.085007
12.64568,/_samplerate,60.000000
12.64568,/CubeX,-0.978148
12.64568,/CubeY,0.011806
12.66234,/_samplerate,60.000000
12.66235,/CubeX,-0.994522
12.66235,/CubeY,-0.061459
12.67904,/_samplerate,60.000000
12.67905,/CubeX,-1.000000
12.67905,/CubeY,-0.134394
12.69563,/_samplerate,60.000000
12.69563,/CubeX,-0.994522
12.69564,/CubeY,-0.206607
12.71233,/_samplerate,60.000000
12.71234,/CubeX,-0.978147
12.71234,/CubeY,-0.277710
12.72879,/_samplerate,60.000000
12.7288,/CubeX,-0.951056
12.7288,/CubeY,-0.347321
12.74545,/_samplerate,60.000000
12.74546,/CubeX,-0.913545
12.74546,/CubeY,-0.415067
12.77842,/_samplerate,60.000000
12.77843,/CubeX,-0.866024
12.77843,/CubeY,-0.480584
12.77843,/_samplerate,60.000000
12.77843,/CubeX,-0.809016
12.77844,/CubeY,-0.543520
12.81164,/_samplerate,60.000000
12.81165,/CubeX,-0.743143
12.81165,/CubeY,-0.603536
12.82825,/_samplerate,60.000000
12.82826,/CubeX,-0.669129
12.82826,/CubeY,-0.660311
12.84544,/_samplerate,60.000000
12.84545,/CubeX,-0.587784
12.84545,/CubeY,-0.713539
12.84546,/_samplerate,60.000000
12.84546,/CubeX,-0.499998
12.84546,/CubeY,-0.762934
12.86202,/_samplerate,60.000000
12.86202,/CubeX,-0.406735
12.86203,/CubeY,-0.808232
12.87859,/_samplerate,60.000000
12.8786,/CubeX,-0.309015
12.8786,/CubeY,-0.849189
12.89522,/_samplerate,60.000000
12.89523,/CubeX,-0.207910
12.89523,/CubeY,-0.885585
12.92873,/_samplerate,60.000000
12.92874,/CubeX,-0.104526
12.92874,/CubeY,-0.917224
12.92874,/_samplerate,60.000000
12.92874,/CubeX,0.000002
12.92875,/CubeY,-0.943937
12.94547,/_samplerate,60.000000
12.94548,/CubeX,0.104531
12.94549,/CubeY,-0.965580
12.96218,/_samplerate,60.000000
12.96218,/CubeX,0.207914
12.96218,/CubeY,-0.982036
12.97877,/_samplerate,60.000000
12.97877,/CubeX,0.309019
12.97878,/CubeY,-0.993219
12.9952,/_samplerate,60.000000
12.9952,/CubeX,0.406739
12.99521,/CubeY,-0.999066
13.012,/_samplerate,60.000000
13.012,/CubeX,0.500002
13.01201,/CubeY,-0.999548
13.02851,/_samplerate,60.000000
13.02852,/CubeX,0.587787
13.02852,/CubeY,-0.994660
13.04538,/_samplerate,60.000000
13.04539,/CubeX,0.669132
13.04539,/CubeY,-0.984431
13.06196,/_samplerate,60.000000
13.06197,/CubeX,0.743146
13.06197,/CubeY,-0.968914
13.07865,/_samplerate,60.000000
13.07866,/CubeX,0.809018
13.07866,/CubeY,-0.948193
13.09519,/_samplerate,60.000000
13.0952,/CubeX,0.866027
13.0952,/CubeY,-0.922379
13.11188,/_samplerate,60.000000
13.11189,/CubeX,0.913546
13.11189,/CubeY,-0.891611
13.1286,/_samplerate,60.000000
13.1286,/CubeX,0.951057
13.1286,/CubeY,-0.856055
13.14546,/_samplerate,60.000000
13.14547,/CubeX,0.978148
13.14547,/CubeY,-0.815900
13.16207,/_samplerate,60.000000
13.16207,/CubeX,0.994522
13.16208,/CubeY,-0.771363
13.17861,/_samplerate,60.000000
13.17862,/CubeX,1.000000
13.17865,/CubeY,-0.722683
13.1955,/_samplerate,60.000000
13.19551,/CubeX,0.994522
13.19551,/CubeY,-0.670121
13.21211,/_samplerate,60.000000
13.21212,/CubeX,0.978147
13.21212,/CubeY,-0.613961
13.24495,/_samplerate,60.000000
13.24496,/CubeX,0.951056
13.24496,/CubeY,-0.554502
13.26521,/_samplerate,60.000000
13.26522,/CubeX,0.913545
13.26523,/CubeY,-0.492066
13.26523,/_samplerate,60.000000
13.26523,/CubeX,0.866024
13.26523,/CubeY,-0.426986
13.28197,/_samplerate,60.000000
13.28198,/CubeX,0.809016
13.28198,/CubeY,-0.359613
13.2987,/_samplerate,60.000000
13.2987,/CubeX,0.743143
13.29871,/CubeY,-0.290309
13.3153,/_samplerate,60.000000
13.3153,/CubeX,0.669129
13.3153,/CubeY,-0.219445
13.33202,/_samplerate,60.000000
13.33203,/CubeX,0.587784
13.33203,/CubeY,-0.147403
13.34818,/_samplerate,60.000000
13.34819,/CubeX,0.499998
13.34819,/CubeY,-0.074569
13.365,/_samplerate,60.000000
13.36501,/CubeX,0.406735
13.36501,/CubeY,-0.001334
13.38153,/_samplerate,60.000000
13.38154,/CubeX,0.309015
13.38154,/CubeY,0.071908
13.39816,/_samplerate,60.000000
13.39817,/CubeX,0.207910
13.39817,/CubeY,0.144763
13.41455,/_samplerate,60.000000
13.41456,/CubeX,0.104526
13.41456,/CubeY,0.216841
13.43166,/_samplerate,60.000000
13.43167,/CubeX,-0.000002
13.43167,/CubeY,0.287754
13.44768,/_samplerate,60.000000
13.44769,/CubeX,-0.104531
13.44769,/CubeY,0.357122
13.46437,/_samplerate,60.000000
13.46437,/CubeX,-0.207914
13.46438,/CubeY,0.424572
13.48097,/_samplerate,60.000000
13.48098,/CubeX,-0.309019
13.48099,/CubeY,0.489741
13.49764,/_samplerate,60.000000
13.49765,/CubeX,-0.406739
13.49765,/CubeY,0.552280
13.51401,/_samplerate,60.000000
13.51402,/CubeX,-0.500002
13.51402,/CubeY,0.611852
13.531,/_samplerate,60.000000
13.531,/CubeX,-0.587787
13.53101,/CubeY,0.668139
13.54753,/_samplerate,60.000000
13.54753,/CubeX,-0.669132
13.54754,/CubeY,0.720836
13.56367,/_samplerate,60.000000
13.56368,/CubeX,-0.743146
13.56368,/CubeY,0.769662
13.5803,/_samplerate,60.000000
13.58031,/CubeX,-0.809018
13.58031,/CubeY,0.814354
13.59701,/_samplerate,60.000000
13.59702,/CubeX,-0.866027
13.59702,/CubeY,0.854672
13.61352,/_samplerate,60.000000
13.61353,/CubeX,-0.913546
13.61353,/CubeY,0.890400
13.6297,/_samplerate,60.000000
13.62971,/CubeX,-0.951057
13.62971,/CubeY,0.921345
13.64635,/_samplerate,60.000000
13.64636,/CubeX,-0.978148
13.64636,/CubeY,0.947342
13.66281,/_samplerate,60.000000
13.66282,/CubeX,-0.994522
13.66282,/CubeY,0.968251
13.67963,/_samplerate,60.000000
13.67964,/CubeX,-1.000000
13.67964,/CubeY,0.983959
13.69633,/_samplerate,60.000000
13.69634,/CubeX,-0.994522
13.69634,/CubeY,0.994382
13.71294,/_samplerate,60.000000
13.71295,/CubeX,-0.978147
13.71295,/CubeY,0.999464
13.72959,/_samplerate,60.000000
13.7296,/CubeX,-0.951056
13.7296,/CubeY,0.999178
13.7457,/_samplerate,60.000000
13.74571,/CubeX,-0.913545
13.74571,/CubeY,0.993525
13.76236,/_samplerate,60.000000
13.76237,/CubeX,-0.866024
13.76237,/CubeY,0.982536
13.77901,/_samplerate,60.000000
13.77902,/CubeX,-0.809016
13.77902,/CubeY,0.966270
13.79546,/_samplerate,60.000000
13.79547,/CubeX,-0.743143
13.79548,/CubeY,0.944814
13.81191,/_samplerate,60.000000
13.81192,/CubeX,-0.669129
13.81192,/CubeY,0.918284
13.82885,/_samplerate,60.000000
13.82886,/CubeX,-0.587784
13.82886,/CubeY,0.886821
13.84525,/_samplerate,60.000000
13.84526,/CubeX,-0.499998
13.84527,/CubeY,0.850595
13.86191,/_samplerate,60.000000
13.86192,/CubeX,-0.406735
13.86192,/CubeY,0.809800
13.87854,/_samplerate,60.000000
13.87854,/CubeX,-0.309015
13.87854,/CubeY,0.764657
13.91187,/_samplerate,60.000000
13.91187,/CubeX,-0.207910
13.91187,/CubeY,0.715406
13.91188,/_samplerate,60.000000
13.91188,/CubeX,-0.104526
13.91188,/CubeY,0.662312
13.92852,/_samplerate,60.000000
13.92853,/CubeX,0.000002
13.92853,/CubeY,0.605661
13.94541,/_samplerate,60.000000
13.94542,/CubeX,0.104531
13.94542,/CubeY,0.545758
13.96213,/_samplerate,60.000000
13.96214,/CubeX,0.207914
13.96214,/CubeY,0.482922
13.97857,/_samplerate,60.000000
13.97858,/CubeX,0.309019
13.97858,/CubeY,0.417494
13.99542,/_samplerate,60.000000
13.99543,/CubeX,0.406739
13.99543,/CubeY,0.349822
14.01187,/_samplerate,60.000000
14.01188,/CubeX,0.500002
14.01188,/CubeY,0.280272
14.02949,/_samplerate,60.000000
14.0295,/CubeX,0.587787
14.0295,/CubeY,0.209217
14.04624,/_samplerate,60.000000
14.04625,/CubeX,0.669132
14.04625,/CubeY,0.137037
14.06282,/_samplerate,60.000000
14.06283,/CubeX,0.743146
14.06283,/CubeY,0.064122
14.07947,/_samplerate,60.000000
14.07947,/CubeX,0.809018
14.07948,/CubeY,-0.009138
14.09591,/_samplerate,60.000000
14.09591,/CubeX,0.866027
14.09592,/CubeY,-0.082348
14.11278,/_samplerate,60.000000
14.11279,/CubeX,0.913546
14.11279,/CubeY,-0.155117
14.12942,/_samplerate,60.000000
14.12943,/CubeX,0.951057
14.12943,/CubeY,-0.227052
14.14592,/_samplerate,60.000000
14.14593,/CubeX,0.978148
14.14593,/CubeY,-0.297767
14.16213,/_samplerate,60.000000
14.16214,/CubeX,0.994522
14.16214,/CubeY,-0.366884
14.17881,/_samplerate,60.000000
14.17882,/CubeX,1.000000
14.17882,/CubeY,-0.434030
14.19519,/_samplerate,60.000000
14.1952,/CubeX,0.994522
14.1952,/CubeY,-0.498844
14.21185,/_samplerate,60.000000
14.21186,/CubeX,0.978147
14.21186,/CubeY,-0.560979
14.22923,/_samplerate,60.000000
14.22923,/CubeX,0.951056
14.22924,/CubeY,-0.620102
14.24596,/_samplerate,60.000000
14.24597,/CubeX,0.913545
14.24597,/CubeY,-0.675893
14.26248,/_samplerate,60.000000
14.26249,/CubeX,0.866024
14.26249,/CubeY,-0.728055
14.2792,/_samplerate,60.000000
14.27921,/CubeX,0.809016
14.27921,/CubeY,-0.776306
14.29568,/_samplerate,60.000000
14.29568,/CubeX,0.743143
14.29569,/CubeY,-0.820387
14.31213,/_samplerate,60.000000
14.31214,/CubeX,0.669129
14.31215,/CubeY,-0.860062
14.32883,/_samplerate,60.000000
14.32884,/CubeX,0.587784
14.32884,/CubeY,-0.895118
14.34552,/_samplerate,60.000000
14.34552,/CubeX,0.499998
14.34553,/CubeY,-0.925366
14.36223,/_samplerate,60.000000
14.36224,/CubeX,0.406735
14.36224,/CubeY,-0.950643
14.37875,/_samplerate,60.000000
14.37876,/CubeX,0.309015
14.37876,/CubeY,-0.970815
14.39553,/_samplerate,60.000000
14.39554,/CubeX,0.207910
14.39554,/CubeY,-0.985773
14.41216,/_samplerate,60.000000
14.41216,/CubeX,0.104526
14.41217,/CubeY,-0.995436
14.4285,/_samplerate,60.000000
14.42851,/CubeX,-0.000002
14.42851,/CubeY,-0.999752
14.44582,/_samplerate,60.000000
14.44583,/CubeX,-0.104531
14.44583,/CubeY,-0.998699
14.46254,/_samplerate,60.000000
14.46255,/CubeX,-0.207914
14.46255,/CubeY,-0.992281
14.47914,/_samplerate,60.000000
14.47915,/CubeX,-0.309019
14.47915,/CubeY,-0.980534
14.49553,/_samplerate,60.000000
14.49553,/CubeX,-0.406739
14.49553,/CubeY,-0.963521
14.5124,/_samplerate,60.000000
14.51241,/CubeX,-0.500002
14.51241,/CubeY,-0.941332
14.52883,/_samplerate,60.000000
14.52884,/CubeX,-0.587787
14.52884,/CubeY,-0.914087
14.54542,/_samplerate,60.000000
14.54542,/CubeX,-0.669132
14.54543,/CubeY,-0.881933
14.57849,/_samplerate,60.000000
14.57849,/CubeX,-0.743146
14.5785,/CubeY,-0.845042
14.5785,/_samplerate,60.000000
14.5785,/CubeX,-0.809018
14.5785,/CubeY,-0.803612
14.60138,/_samplerate,60.000000
14.60139,/CubeX,-0.866027
14.60139,/CubeY,-0.757866
14.61901,/_samplerate,60.000000
14.61902,/CubeX,-0.913546
14.61902,/CubeY,-0.708050
14.63509,/_samplerate,60.000000
14.6351,/CubeX,-0.951057
14.6351,/CubeY,-0.654430
14.65185,/_samplerate,60.000000
14.65185,/CubeX,-0.978148
14.65186,/CubeY,-0.597296
14.6678,/_samplerate,60.000000
14.66781,/CubeX,-0.994522
14.66781,/CubeY,-0.536953
14.68512,/_samplerate,60.000000
14.68513,/CubeX,-1.000000
14.68513,/CubeY,-0.473726
14.70181,/_samplerate,60.000000
14.70182,/CubeX,-0.994522
14.70182,/CubeY,-0.407955
14.71827,/_samplerate,60.000000
14.71828,/CubeX,-0.978147
14.71828,/CubeY,-0.339993
14.73498,/_samplerate,60.000000
14.73499,/CubeX,-0.951056
14.73499,/CubeY,-0.270205
14.75114,/_samplerate,60.000000
14.75115,/CubeX,-0.913545
14.75116,/CubeY,-0.198965
14.76777,/_samplerate,60.000000
14.76778,/CubeX,-0.866024
14.76778,/CubeY,-0.126657
14.7841,/_samplerate,60.000000
14.78411,/CubeX,-0.809016
14.78411,/CubeY,-0.053668
14.80076,/_samplerate,60.000000
14.80077,/CubeX,-0.743143
14.80077,/CubeY,0.019608
14.81699,/_samplerate,60.000000
14.817,/CubeX,-0.669129
14.817,/CubeY,0.092780
14.83436,/_samplerate,60.000000
14.83437,/CubeX,-0.587784
14.83438,/CubeY,0.165453
14.85096,/_samplerate,60.000000
14.85097,/CubeX,-0.499998
14.85098,/CubeY,0.237238
14.86719,/_samplerate,60.000000
14.8672,/CubeX,-0.406735
14.86721,/CubeY,0.307748
14.88371,/_samplerate,60.000000
14.88372,/CubeX,-0.309015
14.88372,/CubeY,0.376605
14.89997,/_samplerate,60.000000
14.89997,/CubeX,-0.207910
14.89998,/CubeY,0.443440
14.91702,/_samplerate,60.000000
14.91703,/CubeX,-0.104526
14.91704,/CubeY,0.507893
14.93281,/_samplerate,60.000000
14.93282,/CubeX,0.000002
14.93282,/CubeY,0.569618
14.94933,/_samplerate,60.000000
14.94934,/CubeX,0.104531
14.94934,/CubeY,0.628283
14.96611,/_samplerate,60.000000
14.96612,/CubeX,0.207914
14.96612,/CubeY,0.683574
14.98248,/_samplerate,60.000000
14.98248,/CubeX,0.309019
14.98248,/CubeY,0.735193
14.99974,/_samplerate,60.000000
14.99975,/CubeX,0.406739
14.99975,/CubeY,0.782864
15.01569,/_samplerate,60.000000
15.0157,/CubeX,0.500002
15.01571,/CubeY,0.826330
15.0331,/_samplerate,60.000000
15.03311,/CubeX,0.587787
15.03311,/CubeY,0.865358
15.04971,/_samplerate,60.000000
15.04972,/CubeX,0.669132
15.04972,/CubeY,0.899737
15.06577,/_samplerate,60.000000
15.06578,/CubeX,0.743146
15.06578,/CubeY,0.929285
15.08194,/_samplerate,60.000000
15.08195,/CubeX,0.809018
15.08196,/CubeY,0.953841
15.09898,/_samplerate,60.000000
15.09899,/CubeX,0.866027
15.099,/CubeY,0.973273
15.11525,/_samplerate,60.000000
15.11526,/CubeX,0.913546
15.11526,/CubeY,0.987479
15.13196,/_samplerate,60.000000
15.13197,/CubeX,0.951057
15.13197,/CubeY,0.996380
15.14814,/_samplerate,60.000000
15.14815,/CubeX,0.978148
15.14816,/CubeY,0.999930
15.16481,/_samplerate,60.000000
15.16482,/CubeX,0.994522
15.16483,/CubeY,0.998110
15.18152,/_samplerate,60.000000
15.18153,/CubeX,1.000000
15.18153,/CubeY,0.990928
15.19843,/_samplerate,60.000000
15.19843,/CubeX,0.994522
15.19844,/CubeY,0.978424
15.21482,/_samplerate,60.000000
15.21482,/CubeX,0.978147
15.21482,/CubeY,0.960665
15.23121,/_samplerate,60.000000
15.23122,/CubeX,0.951056
15.23122,/CubeY,0.937746
15.24814,/_samplerate,60.000000
15.24815,/CubeX,0.913545
15.24815,/CubeY,0.909791
15.26439,/_samplerate,60.000000
15.2644,/CubeX,0.866024
15.26441,/CubeY,0.876949
15.28106,/_samplerate,60.000000
15.28107,/CubeX,0.809016
15.28108,/CubeY,0.839397
15.29768,/_samplerate,60.000000
15.29768,/CubeX,0.743143
15.29769,/CubeY,0.797336
15.31438,/_samplerate,60.000000
15.31439,/CubeX,0.669129
15.31439,/CubeY,0.750993
15.33058,/_samplerate,60.000000
15.33059,/CubeX,0.587784
15.33059,/CubeY,0.700616
15.34706,/_samplerate,60.000000
15.34707,/CubeX,0.499998
15.34707,/CubeY,0.646476
15.36371,/_samplerate,60.000000
15.36372,/CubeX,0.406735
15.36372,/CubeY,0.588864
15.38037,/_samplerate,60.000000
15.38038,/CubeX,0.309015
15.38038,/CubeY,0.528089
15.39706,/_samplerate,60.000000
15.39707,/CubeX,0.207910
15.39707,/CubeY,0.464478
15.41367,/_samplerate,60.000000
15.41368,/CubeX,0.104526
15.41368,/CubeY,0.398372
15.42972,/_samplerate,60.000000
15.42973,/CubeX,-0.000002
15.42973,/CubeY,0.330126
15.44645,/_samplerate,60.000000
15.44646,/CubeX,-0.104531
15.44646,/CubeY,0.260108
15.46309,/_samplerate,60.000000
15.46309,/CubeX,-0.207914
15.4631,/CubeY,0.188692
15.47974,/_samplerate,60.000000
15.47974,/CubeX,-0.309019
15.47975,/CubeY,0.116263
15.49638,/_samplerate,60.000000
15.49639,/CubeX,-0.406739
15.49639,/CubeY,0.043209
15.51268,/_samplerate,60.000000
15.51269,/CubeX,-0.500002
15.51269,/CubeY,-0.030077
15.52967,/_samplerate,60.000000
15.52968,/CubeX,-0.587787
15.52968,/CubeY,-0.103201
15.54585,/_samplerate,60.000000
15.54585,/CubeX,-0.669132
15.54586,/CubeY,-0.175771
15.56228,/_samplerate,60.000000
15.5623,/CubeX,-0.743146
15.5623,/CubeY,-0.247397
15.57906,/_samplerate,60.000000
15.57908,/CubeX,-0.809018
15.57908,/CubeY,-0.317695
15.59551,/_samplerate,60.000000
15.59552,/CubeX,-0.866027
15.59552,/CubeY,-0.386285
15.61239,/_samplerate,60.000000
15.6124,/CubeX,-0.913546
15.6124,/CubeY,-0.452801
15.62862,/_samplerate,60.000000
15.62863,/CubeX,-0.951057
15.62863,/CubeY,-0.516885
15.64555,/_samplerate,60.000000
15.64556,/CubeX,-0.978148
15.64557,/CubeY,-0.578193
15.66228,/_samplerate,60.000000
15.66228,/CubeX,-0.994522
15.66229,/CubeY,-0.636395
15.67884,/_samplerate,60.000000
15.67885,/CubeX,-1.000000
15.67885,/CubeY,-0.691180
15.69558,/_samplerate,60.000000
15.69559,/CubeX,-0.994522
15.69559,/CubeY,-0.742251
15.71194,/_samplerate,60.000000
15.71194,/CubeX,-0.978147
15.71194,/CubeY,-0.789337
15.72887,/_samplerate,60.000000
15.72887,/CubeX,-0.951056
15.72887,/CubeY,-0.832182
15.74599,/_samplerate,60.000000
15.74601,/CubeX,-0.913545
15.74601,/CubeY,-0.870558
15.76266,/_samplerate,60.000000
15.76266,/CubeX,-0.866024
15.76267,/CubeY,-0.904258
15.77938,/_samplerate,60.000000
15.77939,/CubeX,-0.809016
15.77939,/CubeY,-0.933101
15.79602,/_samplerate,60.000000
15.79603,/CubeX,-0.743143
15.79603,/CubeY,-0.956933
15.81243,/_samplerate,60.000000
15.81244,/CubeX,-0.669129
15.81244,/CubeY,-0.975625
15.82919,/_samplerate,60.000000
15.8292,/CubeX,-0.587784
15.8292,/CubeY,-0.989077
15.84538,/_samplerate,60.000000
15.84538,/CubeX,-0.499998
15.84538,/CubeY,-0.997216
15.86195,/_samplerate,60.000000
15.86196,/CubeX,-0.406735
15.86198,/CubeY,-0.999999
15.87861,/_samplerate,60.000000
15.87862,/CubeX,-0.309015
15.87862,/CubeY,-0.997411
15.89528,/_samplerate,60.000000
15.89529,/CubeX,-0.207910
15.8953,/CubeY,-0.989466
15.91196,/_samplerate,60.000000
15.91197,/CubeX,-0.104526
15.91198,/CubeY,-0.976207
15.94551,/_samplerate,60.000000
15.94551,/CubeX,0.000002
15.94552,/CubeY,-0.957704
15.94552,/_samplerate,60.000000
15.94552,/CubeX,0.104531
15.94552,/CubeY,-0.934058
15.96211,/_samplerate,60.000000
15.96212,/CubeX,0.207914
15.96212,/CubeY,-0.905394
15.97882,/_samplerate,60.000000
15.97882,/CubeX,0.309019
15.97882,/CubeY,-0.871868
15.99528,/_samplerate,60.000000
15.99528,/CubeX,0.406739
15.99529,/CubeY,-0.833659
16.01212,/_samplerate,60.000000
16.01213,/CubeX,0.500002
16.01213,/CubeY,-0.790972
16.0288,/_samplerate,60.000000
16.02881,/CubeX,0.587787
16.02881,/CubeY,-0.744037
16.04535,/_samplerate,60.000000
16.04536,/CubeX,0.669132
16.04536,/CubeY,-0.693106
16.06197,/_samplerate,60.000000
16.06198,/CubeX,0.743146
16.06198,/CubeY,-0.638452
16.09531,/_samplerate,60.000000
16.09532,/CubeX,0.809018
16.09532,/CubeY,-0.580368
16.09532,/_samplerate,60.000000
16.09532,/CubeX,0.866027
16.09532,/CubeY,-0.519168
16.11189,/_samplerate,60.000000
16.1119,/CubeX,0.913546
16.1119,/CubeY,-0.455179
16.12865,/_samplerate,60.000000
16.12866,/CubeX,0.951057
16.12866,/CubeY,-0.388745
16.14547,/_samplerate,60.000000
16.14548,/CubeX,0.978148
16.14548,/CubeY,-0.320224
16.1621,/_samplerate,60.000000
16.16211,/CubeX,0.994522
16.16211,/CubeY,-0.249982
16.17869,/_samplerate,60.000000
16.1787,/CubeX,1.000000
16.1787,/CubeY,-0.178398
16.19534,/_samplerate,60.000000
16.19535,/CubeX,0.994522
16.19536,/CubeY,-0.105855
16.21214,/_samplerate,60.000000
16.21215,/CubeX,0.978147
16.21216,/CubeY,-0.032744
16.22936,/_samplerate,60.000000
16.22937,/CubeX,0.951056
16.22937,/CubeY,0.040542
16.24605,/_samplerate,60.000000
16.24605,/CubeX,0.913545
16.24606,/CubeY,0.113612
16.26266,/_samplerate,60.000000
16.26266,/CubeX,0.866024
16.26266,/CubeY,0.186071
16.27929,/_samplerate,60.000000
16.2793,/CubeX,0.809016
16.2793,/CubeY,0.257530
16.29601,/_samplerate,60.000000
16.29602,/CubeX,0.743143
16.29602,/CubeY,0.327606
16.31235,/_samplerate,60.000000
16.31236,/CubeX,0.669129
16.31236,/CubeY,0.395923
16.32928,/_samplerate,60.000000
16.32929,/CubeX,0.587784
16.32929,/CubeY,0.462113
16.34556,/_samplerate,60.000000
16.34557,/CubeX,0.499998
16.34557,/CubeY,0.525821
16.36197,/_samplerate,60.000000
16.36198,/CubeX,0.406735
16.36198,/CubeY,0.586705
16.3786,/_samplerate,60.000000
16.37861,/CubeX,0.309015
16.37861,/CubeY,0.644438
16.39527,/_samplerate,60.000000
16.39528,/CubeX,0.207910
16.39528,/CubeY,0.698709
16.42861,/_samplerate,60.000000
16.42863,/CubeX,0.104526
16.42863,/CubeY,0.749228
16.44534,/_samplerate,60.000000
16.44535,/CubeX,-0.000002
16.44536,/CubeY,0.795723
16.44536,/_samplerate,60.000000
16.44537,/CubeX,-0.104531
16.44537,/CubeY,0.837943
16.47837,/_samplerate,60.000000
16.47838,/CubeX,-0.207914
16.47838,/CubeY,0.875663
16.49498,/_samplerate,60.000000
16.49499,/CubeX,-0.309019
16.495,/CubeY,0.908680
16.51168,/_samplerate,60.000000
16.51169,/CubeX,-0.406739
16.51169,/CubeY,0.936816
16.52796,/_samplerate,60.000000
16.52797,/CubeX,-0.500002
16.52797,/CubeY,0.959921
16.54545,/_samplerate,60.000000
16.54546,/CubeX,-0.587787
16.54547,/CubeY,0.977869
16.54547,/_samplerate,60.000000
16.54547,/CubeX,-0.669132
16.54547,/CubeY,0.990566
16.56214,/_samplerate,60.000000
16.56215,/CubeX,-0.743146
16.56215,/CubeY,0.997942
16.57861,/_samplerate,60.000000
16.57862,/CubeX,-0.809018
16.57862,/CubeY,0.999958
16.59552,/_samplerate,60.000000
16.59553,/CubeX,-0.866027
16.59553,/CubeY,0.996604
16.61209,/_samplerate,60.000000
16.61209,/CubeX,-0.913546
16.61209,/CubeY,0.987896
16.62868,/_samplerate,60.000000
16.62868,/CubeX,-0.951057
16.62868,/CubeY,0.973883
16.64562,/_samplerate,60.000000
16.64563,/CubeX,-0.978148
16.64563,/CubeY,0.954639
16.66225,/_samplerate,60.000000
16.66226,/CubeX,-0.994522
16.66226,/CubeY,0.930267
16.67895,/_samplerate,60.000000
16.67896,/CubeX,-1.000000
16.67896,/CubeY,0.900899
16.69559,/_samplerate,60.000000
16.6956,/CubeX,-0.994522
16.6956,/CubeY,0.866692
16.71233,/_samplerate,60.000000
16.71234,/CubeX,-0.978147
16.71235,/CubeY,0.827830
16.7286,/_samplerate,60.000000
16.72861,/CubeX,-0.951056
16.72861,/CubeY,0.784522
16.74549,/_samplerate,60.000000
16.7455,/CubeX,-0.913545
16.7455,/CubeY,0.737000
16.77825,/_samplerate,60.000000
16.77826,/CubeX,-0.866024
16.77826,/CubeY,0.685519
16.79502,/_samplerate,60.000000
16.79503,/CubeX,-0.809016
16.79504,/CubeY,0.630357
16.81154,/_samplerate,60.000000
16.81155,/CubeX,-0.743143
16.81156,/CubeY,0.571809
16.83005,/_samplerate,60.000000
16.83006,/CubeX,-0.669129
16.83006,/CubeY,0.510190
16.83006,/_samplerate,60.000000
16.83006,/CubeX,-0.587784
16.83006,/CubeY,0.445830
16.84738,/_samplerate,60.000000
16.84739,/CubeX,-0.499998
16.84739,/CubeY,0.379076
16.86338,/_samplerate,60.000000
16.86339,/CubeX,-0.406735
16.86339,/CubeY,0.310286
16.8799,/_samplerate,60.000000
16.87991,/CubeX,-0.309015
16.87991,/CubeY,0.239829
16.8967,/_samplerate,60.000000
16.8967,/CubeX,-0.207910
16.89671,/CubeY,0.168084
16.91336,/_samplerate,60.000000
16.91337,/CubeX,-0.104526
16.91337,/CubeY,0.095437
16.92995,/_samplerate,60.000000
16.92996,/CubeX,0.000002
16.92996,/CubeY,0.022276
16.94617,/_samplerate,60.000000
16.94618,/CubeX,0.104531
16.94619,/CubeY,-0.051003
16.96278,/_samplerate,60.000000
16.96279,/CubeX,0.207914
16.96279,/CubeY,-0.124009
16.97956,/_samplerate,60.000000
16.97956,/CubeX,0.309019
16.97957,/CubeY,-0.196349
16.99609,/_samplerate,60.000000
16.9961,/CubeX,0.406739
16.9961,/CubeY,-0.267634
17.01292,/_samplerate,60.000000
17.01293,/CubeX,0.500002
17.01293,/CubeY,-0.337482
17.02983,/_samplerate,60.000000
17.02984,/CubeX,0.587787
17.02984,/CubeY,-0.405517
17.04713,/_samplerate,60.000000
17.04714,/CubeX,0.669132
17.04714,/CubeY,-0.471374
17.06318,/_samplerate,60.000000
17.06319,/CubeX,0.743146
17.0632,/CubeY,-0.534700
17.07986,/_samplerate,60.000000
17.07987,/CubeX,0.809018
17.07987,/CubeY,-0.595153
17.09635,/_samplerate,60.000000
17.09636,/CubeX,0.866027
17.09636,/CubeY,-0.652410
17.11303,/_samplerate,60.000000
17.11304,/CubeX,0.913546
17.11304,/CubeY,-0.706163
17.12979,/_samplerate,60.000000
17.1298,/CubeX,0.951057
17.1298,/CubeY,-0.756123
17.14588,/_samplerate,60.000000
17.14589,/CubeX,0.978148
17.1459,/CubeY,-0.802021
17.16255,/_samplerate,60.000000
17.16255,/CubeX,0.994522
17.16256,/CubeY,-0.843612
17.17917,/_samplerate,60.000000
17.17918,/CubeX,1.000000
17.17918,/CubeY,-0.880672
17.19567,/_samplerate,60.000000
17.19567,/CubeX,0.994522
17.19568,/CubeY,-0.913002
17.21236,/_samplerate,60.000000
17.21237,/CubeX,0.978147
17.21237,/CubeY,-0.940428
17.22878,/_samplerate,60.000000
17.22879,/CubeX,0.951056
17.22879,/CubeY,-0.962803
17.24535,/_samplerate,60.000000
17.24536,/CubeX,0.913545
17.24536,/CubeY,-0.980007
17.26521,/_samplerate,60.000000
17.26522,/CubeX,0.866024
17.26522,/CubeY,-0.991947
17.28193,/_samplerate,60.000000
17.28194,/CubeX,0.809016
17.28195,/CubeY,-0.998559
17.2986,/_samplerate,60.000000
17.2986,/CubeX,0.743143
17.29861,/CubeY,-0.999808
17.3153,/_samplerate,60.000000
17.31532,/CubeX,0.669129
17.31532,/CubeY,-0.995687
17.33155,/_samplerate,60.000000
17.33156,/CubeX,0.587784
17.33156,/CubeY,-0.986218
17.34842,/_samplerate,60.000000
17.34842,/CubeX,0.499998
17.34843,/CubeY,-0.971452
17.36478,/_samplerate,60.000000
17.36479,/CubeX,0.406735
17.36479,/CubeY,-0.951468
17.38144,/_samplerate,60.000000
17.38145,/CubeX,0.309015
17.38145,/CubeY,-0.926374
17.39815,/_samplerate,60.000000
17.39816,/CubeX,0.207910
17.39816,/CubeY,-0.896304
17.4148,/_samplerate,60.000000
17.41481,/CubeX,0.104526
17.41481,/CubeY,-0.861421
17.43106,/_samplerate,60.000000
17.43107,/CubeX,-0.000002
17.43108,/CubeY,-0.821910
17.44799,/_samplerate,60.000000
17.448,/CubeX,-0.104531
17.448,/CubeY,-0.777985
17.46438,/_samplerate,60.000000
17.46439,/CubeX,-0.207914
17.46439,/CubeY,-0.729882
17.48067,/_samplerate,60.000000
17.48068,/CubeX,-0.309019
17.48069,/CubeY,-0.677858
17.49741,/_samplerate,60.000000
17.49742,/CubeX,-0.406739
17.49742,/CubeY,-0.622193
17.51433,/_samplerate,60.000000
17.51434,/CubeX,-0.500002
17.51435,/CubeY,-0.563187
17.53041,/_samplerate,60.000000
17.53042,/CubeX,-0.587787
17.53043,/CubeY,-0.501155
17.54766,/_samplerate,60.000000
17.54766,/CubeX,-0.669132
17.54767,/CubeY,-0.436432
17.56369,/_samplerate,60.000000
17.5637,/CubeX,-0.743146
17.5637,/CubeY,-0.369365
17.58037,/_samplerate,60.000000
17.58038,/CubeX,-0.809018
17.58039,/CubeY,-0.300314
17.59694,/_samplerate,60.000000
17.59695,/CubeX,-0.866027
17.59695,/CubeY,-0.229650
17.61343,/_samplerate,60.000000
17.61343,/CubeX,-0.913546
17.61344,/CubeY,-0.157752
17.6302,/_samplerate,60.000000
17.63021,/CubeX,-0.951057
17.63021,/CubeY,-0.085008
17.64635,/_samplerate,60.000000
17.64636,/CubeX,-0.978148
17.64636,/CubeY,-0.011806
17.66307,/_samplerate,60.000000
17.66308,/CubeX,-0.994522
17.66308,/CubeY,0.061459
17.67965,/_samplerate,60.000000
17.67966,/CubeX,-1.000000
17.67966,/CubeY,0.134393
17.69634,/_samplerate,60.000000
17.69635,/CubeX,-0.994522
17.69635,/CubeY,0.206606
17.71299,/_samplerate,60.000000
17.713,/CubeX,-0.978147
17.713,/CubeY,0.277709
17.72915,/_samplerate,60.000000
17.72916,/CubeX,-0.951056
17.72916,/CubeY,0.347321
17.74569,/_samplerate,60.000000
17.7457,/CubeX,-0.913545
17.7457,/CubeY,0.415067
17.76233,/_samplerate,60.000000
17.76234,/CubeX,-0.866024
17.76235,/CubeY,0.480584
17.77897,/_samplerate,60.000000
17.77898,/CubeX,-0.809016
17.77898,/CubeY,0.543519
17.79559,/_samplerate,60.000000
17.7956,/CubeX,-0.743143
17.7956,/CubeY,0.603536
17.81201,/_samplerate,60.000000
17.81202,/CubeX,-0.669129
17.81203,/CubeY,0.660310
17.82884,/_samplerate,60.000000
17.82885,/CubeX,-0.587784
17.82885,/CubeY,0.713538
17.84547,/_samplerate,60.000000
17.84548,/CubeX,-0.499998
17.84548,/CubeY,0.762934
17.86216,/_samplerate,60.000000
17.86217,/CubeX,-0.406735
17.86217,/CubeY,0.808232
17.87866,/_samplerate,60.000000
17.87867,/CubeX,-0.309015
17.87867,/CubeY,0.849189
17.8952,/_samplerate,60.000000
17.89521,/CubeX,-0.207910
17.89521,/CubeY,0.885585
17.91207,/_samplerate,60.000000
17.91208,/CubeX,-0.104526
17.91208,/CubeY,0.917224
17.929,/_samplerate,60.000000
17.92901,/CubeX,0.000002
17.92901,/CubeY,0.943937
17.94565,/_samplerate,60.000000
17.94566,/CubeX,0.104531
17.94566,/CubeY,0.965580
17.96227,/_samplerate,60.000000
17.96228,/CubeX,0.207914
17.96228,/CubeY,0.982036
17.97896,/_samplerate,60.000000
17.97897,/CubeX,0.309019
17.97897,/CubeY,0.993219
17.99554,/_samplerate,60.000000
17.99555,/CubeX,0.406739
17.99555,/CubeY,0.999066
18.01197,/_samplerate,60.000000
18.01198,/CubeX,0.500002
18.01198,/CubeY,0.999548
18.0294,/_samplerate,60.000000
18.02941,/CubeX,0.587787
18.02941,/CubeY,0.994661
18.04601,/_samplerate,60.000000
18.04602,/CubeX,0.669132
18.04602,/CubeY,0.984431
18.06264,/_samplerate,60.000000
18.06265,/CubeX,0.743146
18.06265,/CubeY,0.968914
18.07932,/_samplerate,60.000000
18.07933,/CubeX,0.809018
18.07933,/CubeY,0.948193
18.09576,/_samplerate,60.000000
18.09577,/CubeX,0.866027
18.09577,/CubeY,0.922379
18.11238,/_samplerate,60.000000
18.11238,/CubeX,0.913546
18.11239,/CubeY,0.891612
18.12975,/_samplerate,60.000000
18.12976,/CubeX,0.951057
18.12977,/CubeY,0.856055
18.14646,/_samplerate,60.000000
18.14647,/CubeX,0.978148
18.14647,/CubeY,0.815900
18.16306,/_samplerate,60.000000
18.16306,/CubeX,0.994522
18.16307,/CubeY,0.771363
18.17965,/_samplerate,60.000000
18.17966,/CubeX,1.000000
18.17966,/CubeY,0.722683
18.19637,/_samplerate,60.000000
18.19638,/CubeX,0.994522
18.19639,/CubeY,0.670122
18.21379,/_samplerate,60.000000
18.21381,/CubeX,0.978147
18.21381,/CubeY,0.613961
18.23051,/_samplerate,60.000000
18.23051,/CubeX,0.951056
18.23052,/CubeY,0.554503
18.24709,/_samplerate,60.000000
18.2471,/CubeX,0.913545
18.2471,/CubeY,0.492066
18.26383,/_samplerate,60.000000
18.26383,/CubeX,0.866024
18.26383,/CubeY,0.426986
18.28043,/_samplerate,60.000000
18.28043,/CubeX,0.809016
18.28044,/CubeY,0.359614
18.29708,/_samplerate,60.000000
18.29708,/CubeX,0.743143
18.29709,/CubeY,0.290309
18.31378,/_samplerate,60.000000
18.31378,/CubeX,0.669129
18.31379,/CubeY,0.219445
18.32986,/_samplerate,60.000000
18.32987,/CubeX,0.587784
18.32988,/CubeY,0.147403
18.34637,/_samplerate,60.000000
18.34638,/CubeX,0.499998
18.34638,/CubeY,0.074569
18.36316,/_samplerate,60.000000
18.36317,/CubeX,0.406735
18.36317,/CubeY,0.001334
18.37976,/_samplerate,60.000000
18.37976,/CubeX,0.309015
18.37977,/CubeY,-0.071907
18.39641,/_samplerate,60.000000
18.39642,/CubeX,0.207910
18.39642,/CubeY,-0.144763
18.41308,/_samplerate,60.000000
18.41309,/CubeX,0.104526
18.41309,/CubeY,-0.216841
18.42935,/_samplerate,60.000000
18.42936,/CubeX,-0.000002
18.42936,/CubeY,-0.287754
18.44962,/_samplerate,60.000000
18.44963,/CubeX,-0.104531
18.44963,/CubeY,-0.357122
18.46684,/_samplerate,60.000000
18.46685,/CubeX,-0.207914
18.46685,/CubeY,-0.424571
18.48302,/_samplerate,60.000000
18.48303,/CubeX,-0.309019
18.48303,/CubeY,-0.489741
18.50014,/_samplerate,60.000000
18.50015,/CubeX,-0.406739
18.50015,/CubeY,-0.552280
18.5165,/_samplerate,60.000000
18.51651,/CubeX,-0.500002
18.51651,/CubeY,-0.611852
18.53311,/_samplerate,60.000000
18.53313,/CubeX,-0.587787
18.53313,/CubeY,-0.668138
18.54942,/_samplerate,60.000000
18.54943,/CubeX,-0.669132
18.54943,/CubeY,-0.720836
